Ticker,Name,MarketCap,InceptionDate
RELIANCE,Reliance Industries Limited,17240454331828.0,29-NOV-1995
BHARTIARTL,Bharti Airtel Limited,11205540787176.0,15-FEB-2002
HDFCBANK,HDFC Bank Limited,10685081600572.8,08-NOV-1995
ICICIBANK,ICICI Bank Limited,9931717478670.0,17-SEP-1997
SBIN,State Bank of India,9320154576584.2,01-MAR-1995
TCS,Tata Consultancy Services Limited,7974626698423.8,25-AUG-2004
BAJFINANCE,Bajaj Finance Limited,6496783316224.0,01-APR-2003
LT,Larsen & Toubro Limited,5441008898990.0,23-JUN-2004
LICI,Life Insurance Corporation Of India,5130838135051.2,17-MAY-2022
HINDUNILVR,Hindustan Unilever Limited,4563611108182.6,06-JUL-1995
SUNPHARMA,Sun Pharmaceutical Industries Limited,4465162379170.0,08-FEB-1995
TITAN,Titan Company Limited,4457574309360.0,24-SEP-2004
INFY,Infosys Limited,4205345745532.5,08-FEB-1995
KOTAKBANK,Kotak Mahindra Bank Limited,4143218311453.5,20-DEC-1995
ADANIPOWER,Adani Power Limited,4117282319517.5,20-AUG-2009
ADANIPORTS,Adani Ports and Special Economic Zone Limited,4073399685264.0,27-NOV-2007
ADANIENT,Adani Enterprises Limited,4003144936775.6,04-JUN-1997
MARUTI,Maruti Suzuki India Limited,3958328406660.0,09-JUL-2003
M&M,Mahindra & Mahindra Limited,3884535362277.8,03-JAN-1996
AXISBANK,Axis Bank Limited,3875557993804.0,16-NOV-1998
HAL,Hindustan Aeronautics Limited,3310436250000.0,28-MAR-2018
BAJAJ-AUTO,Bajaj Auto Limited,3289130557584.0,26-MAY-2008
HCLTECH,HCL Technologies Limited,3275393770872.0,06-JAN-2000
ITC,ITC Limited,3248891112557.6,23-AUG-1995
NTPC,NTPC Limited,3248383154890.0,05-NOV-2004
ULTRACEMCO,UltraTech Cement Limited,3235282618409.0,24-AUG-2004
JSWSTEEL,JSW Steel Limited,3188871971664.0,23-MAR-2005
ETERNAL,ETERNAL LIMITED,3108377943398.7,23-JUL-2021
BAJAJFINSV,Bajaj Finserv Limited,3105867251714.0,26-MAY-2008
ONGC,Oil & Natural Gas Corporation Limited,2984922847207.6,19-JUL-1995
BEL,Bharat Electronics Limited,2960460425745.0,19-JUL-2000
NESTLEIND,Nestle India Limited,2673029310384.0,01-AUG-2023
COALINDIA,Coal India Limited,2662298637264.0,04-NOV-2010
POWERGRID,Power Grid Corporation of India Limited,2527439087813.25,05-OCT-2007
HINDZINC,Hindustan Zinc Limited,2508149358400.0,21-NOV-2006
DIVISLAB,Divi's Laboratories Limited,2505625192330.0,12-MAR-2003
SHRIRAMFIN,Shriram Finance Limited,2442238129584.0,11-DEC-1996
DMART,Avenue Supermarts Limited,2406729279330.0,21-MAR-2017
ASIANPAINT,Asian Paints Limited,2396171999199.0,31-MAY-1995
TATASTEEL,Tata Steel Limited,2331673204999.4,18-NOV-1998
HINDALCO,Hindalco Industries Limited,2278687694322.0,08-JAN-1997
GRASIM,Grasim Industries Limited,2258661419558.0,10-MAY-1995
ADANIGREEN,Adani Green Energy Limited,2139846542960.5,18-JUN-2018
EICHERMOT,Eicher Motors Limited,2112807488410.0,07-SEP-2004
SOLARINDS,Solar Industries India Limited,2024262530350.0,03-APR-2006
TVSMOTOR,TVS Motor Company Limited,1958071540351.0,02-AUG-2000
INDIGO,InterGlobe Aviation Limited,1912021327610.0,10-NOV-2015
IOC,Indian Oil Corporation Limited,1905519907402.0,24-JUL-1996
TORNTPHARM,Torrent Pharmaceuticals Limited,1875213525150.0,25-NOV-2002
HYUNDAI,Hyundai Motor India Limited,1791653125500.0,22-OCT-2024
MOTHERSON,Samvardhana Motherson International Limited,1722485032483.2,14-AUG-1996
VAML,Vedanta Aluminium Metal Limited,1709035100311.85,15-JUN-2026
SBILIFE,SBI Life Insurance Company Limited,1705993522624.6,03-OCT-2017
ADANIENSOL,Adani Energy Solutions Limited,1672065309399.8,31-JUL-2015
WIPRO,Wipro Limited,1647058247517.0,08-NOV-1995
DLF,DLF Limited,1623435366360.6,05-JUL-2007
TMCV,Tata Motors Limited,1617533274801.5,12-NOV-2025
IDEA,Vodafone Idea Limited,1614311221514.9,09-MAR-2007
PIDILITIND,Pidilite Industries Limited,1596889521012.0,29-MAR-1995
CHOLAFIN,Cholamandalam Investment and Finance Company Limited,1584776134513.0,15-MAY-1996
ABB,ABB India Limited,1553076480375.0,08-FEB-1995
TATACAP,Tata Capital Limited,1541524190786.55,13-OCT-2025
JIOFIN,Jio Financial Services Limited,1520373358695.75,21-AUG-2023
TRENT,Trent Limited,1503077358844.7,07-JUN-2004
ICICIAMC,ICICI Prudential Asset Management Company Limited,1499333220420.0,19-DEC-2025
BHEL,Bharat Heavy Electricals Limited,1495546210972.5,11-NOV-2003
TECHM,Tech Mahindra Limited,1495372432316.4,28-AUG-2006
CGPOWER,CG Power and Industrial Solutions Limited,1440397272172.95,01-MAR-1995
BOSCHLTD,Bosch Limited,1438552291000.0,12-MAY-2003
CUMMINSIND,Cummins India Limited,1428966000000.0,29-MAR-1995
SIEMENS,Siemens Limited,1408242924972.0,06-SEP-1995
POWERINDIA,Hitachi Energy India Limited,1390434863785.0,30-MAR-2020
VBL,Varun Beverages Limited,1388432567112.0,08-NOV-2016
UNIONBANK,Union Bank of India,1367942124774.4,24-SEP-2002
BSE,BSE Limited,1348464758562.0,03-FEB-2017
PNB,Punjab National Bank,1342950420865.8,24-APR-2002
BPCL,Bharat Petroleum Corporation Limited,1314567162864.0,13-SEP-1995
LTM,LTM Limited,1297421658054.0,21-JUL-2016
APOLLOHOSP,Apollo Hospitals Enterprise Limited,1279683447300.0,10-JAN-1996
POLYCAB,Polycab India Limited,1259007772974.0,16-APR-2019
BANKBARODA,Bank of Baroda,1228819080974.0,19-FEB-1997
GROWW,Billionbrains Garage Ventures Limited,1228621164215.05,12-NOV-2025
BAJAJHLDNG,Bajaj Holdings & Investment Limited,1223338261920.0,15-MAR-1995
BRITANNIA,Britannia Industries Limited,1206509294664.0,05-NOV-1998
LENSKART,Lenskart Solutions Limited,1205454996833.1,10-NOV-2025
TATAPOWER,Tata Power Company Limited,1172689613749.0,03-APR-1996
PFC,Power Finance Corporation Limited,1164275900928.0,23-FEB-2007
GVT&D,GE Vernova T&D India Limited,1163731501575.0,30-JUN-2008
LODHA,Lodha Developers Limited,1162306473804.0,19-APR-2021
JINDALSTEL,JINDAL STEEL LIMITED,1159840166289.0,29-DEC-1999
INDIANB,Indian Bank,1153674649726.5,01-MAR-2007
GAIL,GAIL (India) Limited,1147289136881.55,02-APR-1997
MUTHOOTFIN,Muthoot Finance Limited,1140772674554.0,06-MAY-2011
HDFCLIFE,HDFC Life Insurance Company Limited,1135405958111.25,17-NOV-2017
ENRIN,Siemens Energy India Limited,1132142697445.5,19-JUN-2025
CANBK,Canara Bank,1130203146996.0,23-DEC-2002
ZYDUSLIFE,Zydus Lifesciences Limited,1124768354022.0,18-APR-2000
SBIFUNDS,SBI Funds Management Limited,1122292014212.0,21-JUL-2026
LGEINDIA,LG Electronics India Limited,1119974446800.0,14-OCT-2025
PAYTM,One 97 Communications Limited,1113546053434.0,18-NOV-2021
CIPLA,Cipla Limited,1109413972462.8,08-FEB-1995
TMPV,Tata Motors Passenger Vehicles Limited,1106690688755.5,22-JUL-1998
IRFC,Indian Railway Finance Corporation Limited,1059594466480.0,29-JAN-2021
HEROMOTOCO,Hero MotoCorp Limited,1056490712640.0,11-APR-2003
VEDL,Vedanta Limited,1052089906735.85,13-MAY-1998
LAURUSLABS,Laurus Labs Limited,1050021051990.0,19-DEC-2016
ABCAPITAL,Aditya Birla Capital Limited,1048741225600.0,01-SEP-2017
HDFCAMC,HDFC Asset Management Company Limited,1043256289585.2,06-AUG-2018
MARICO,Marico Limited,1042595445397.0,01-MAY-1996
GMRAIRPORT,GMR AIRPORTS LIMITED,1029077796281.9,21-AUG-2006
LLOYDSME,Lloyds Metals And Energy Limited,1021060985158.4,17-JUL-2023
OFSS,Oracle Financial Services Software Limited,1020829257525.0,28-JUN-2002
INDHOTEL,The Indian Hotels Company Limited,1018821616475.25,03-JUL-1996
UNITDSPR,United Spirits Limited,1018291194200.0,27-SEP-2001
MAXHEALTH,Max Healthcare Institute Limited,1010810999255.4,21-AUG-2020
MEESHO,Meesho Limited,1002015912769.4,10-DEC-2025
TATACONSUM,TATA CONSUMER PRODUCTS LIMITED,989249409892.8,18-NOV-1998
AMBUJACEM,Ambuja Cements Limited,982993678781.6,18-FEB-1998
INDUSTOWER,Indus Towers Limited,981396545604.0,28-DEC-2012
NYKAA,FSN E-Commerce Ventures Limited,979284653046.7,10-NOV-2021
ASHOKLEY,Ashok Leyland Limited,975764718178.25,25-MAY-1995
JSWENERGY,JSW Energy Limited,972570917311.2,04-JAN-2010
MANIPALHOS,Manipal Health Enterprises Limited,964500333366.5,05-AUG-2026
MAZDOCK,Mazagon Dock Shipbuilders Limited,961335216000.0,12-OCT-2020
AUROPHARMA,Aurobindo Pharma Limited,959960480018.0,19-JUL-2000
DRREDDY,Dr. Reddy's Laboratories Limited,954026747010.0,30-MAY-2003
LUPIN,Lupin Limited,950037763300.8,10-SEP-2001
BHARATFORG,Bharat Forge Limited,934615466696.8,04-APR-2003
MANKIND,Mankind Pharma Limited,924450197155.2,09-MAY-2023
GODREJCP,Godrej Consumer Products Limited,890120461011.9,20-JUN-2001
IDBI,IDBI Bank Limited,877611065523.5,20-SEP-1995
PERSISTENT,Persistent Systems Limited,869123625000.0,06-APR-2010
FEDERALBNK,The Federal Bank  Limited,854040463148.0,08-FEB-1995
MCX,Multi Commodity Exchange of India Limited,841473088500.0,09-MAR-2012
POLICYBZR,PB Fintech Limited,832847526000.0,15-NOV-2021
RECLTD,REC Limited,826305691200.0,12-MAR-2008
DIXON,Dixon Technologies (India) Limited,824659933500.0,18-SEP-2017
SHREECEM,SHREE CEMENT LIMITED,822099843180.0,26-APR-1995
NAUKRI,Info Edge (India) Limited,820252059000.0,21-NOV-2006
OIL,Oil India Limited,813791877837.3,30-SEP-2009
COFORGE,Coforge Limited,811419480451.1,30-AUG-2004
JSWINFRA,JSW Infrastructure Limited,797909036619.15,03-OCT-2023
AUBANK,AU Small Finance Bank Limited,789695638190.1,10-JUL-2017
LTF,L&T Finance Limited,779964079748.7,12-AUG-2011
INDUSINDBK,IndusInd Bank Limited,773912562561.6,28-JAN-1998
SWIGGY,Swiggy Limited,770127481845.0,13-NOV-2024
BHARTIHEXA,Bharti Hexacom Limited,769600000000.0,12-APR-2024
NHPC,NHPC Limited,766938407361.75,01-SEP-2009
SAIL,Steel Authority of India Limited,758984021853.75,06-JUL-1995
NAM-INDIA,Nippon Life India Asset Management Limited,756954497895.0,06-NOV-2017
HINDPETRO,Hindustan Petroleum Corporation Limited,750376610972.7,17-JUN-1998
IDFCFIRSTB,IDFC First Bank Limited,747972495125.45,06-NOV-2015
SRF,SRF Limited,746694134175.0,18-AUG-2003
NMDC,NMDC Limited,743787764730.0,03-MAR-2008
NTPCGREEN,NTPC Green Energy Limited,739157638564.7,27-NOV-2024
WAAREEENER,Waaree Energies Limited,732935601580.0,28-OCT-2024
WELCORP,Welspun Corp Limited,732520242100.5,24-MAY-2005
ICICIGI,ICICI Lombard General Insurance Company Limited,731287312555.0,27-SEP-2017
UNOMINDA,UNO Minda Limited,707394111324.8,02-FEB-2007
BAJAJHFL,Bajaj Housing Finance Limited,701749221612.2,16-SEP-2024
HAVELLS,Havells India Limited,700358803632.0,21-MAR-2001
YESBANK,Yes Bank Limited,699905285608.1,12-JUL-2005
APARINDS,Apar Industries Limited,696701583370.0,12-JUL-2004
NATIONALUM,National Aluminium Company Limited,685706477676.45,28-APR-1999
ICICIPRULI,ICICI Prudential Life Insurance Company Limited,683287728666.0,29-SEP-2016
GLENMARK,Glenmark Pharmaceuticals Limited,681514953735.0,07-FEB-2000
FORTIS,Fortis Healthcare Limited,681311980662.6,09-MAY-2007
PHOENIXLTD,The Phoenix Mills Limited,675938513250.0,23-APR-2007
ASTERDM,Aster DM Quality Care Limited,668136924493.5,26-FEB-2018
DABUR,Dabur India Limited,667804376462.6,28-APR-1999
PRESTIGE,Prestige Estates Projects Limited,664875186115.2,27-OCT-2010
ATGL,Adani Total Gas Limited,662855537024.1,05-NOV-2018
TORNTPOWER,Torrent Power Limited,653210162790.9,28-NOV-2006
OBEROIRLTY,Oberoi Realty Limited,651575208704.0,20-OCT-2010
MAHABANK,Bank of Maharashtra,648782660032.5,12-APR-2004
BANKINDIA,Bank of India,641926169106.0,30-APR-1997
RBLBANK,RBL Bank Limited,636147639956.4,31-AUG-2016
KALYANKJIL,Kalyan Jewellers India Limited,635341775346.4,26-MAR-2021
ATHERENERG,Ather Energy Limited,635329504551.0,06-MAY-2025
BIOCON,Biocon Limited,634828529295.45,07-APR-2004
SBICARD,SBI Cards and Payment Services Limited,634057272592.2,16-MAR-2020
IOB,Indian Overseas Bank,632771540663.7,07-DEC-2000
JSL,Jindal Stainless Limited,628331388994.2,17-NOV-2003
SCHAEFFLER,Schaeffler India Limited,615867720534.0,29-NOV-2000
ALKEM,Alkem Laboratories Limited,614324970000.0,23-DEC-2015
MOTILALOFS,Motilal Oswal Financial Services Limited,611178904560.0,11-SEP-2007
APLAPOLLO,APL Apollo Tubes Limited,609404667294.0,14-DEC-2011
SUZLON,Suzlon Energy Limited,607704310546.1,19-OCT-2005
GICRE,General Insurance Corporation of India,602987280000.0,25-OCT-2017
RADICO,Radico Khaitan Limited,597333821000.0,18-JUN-2003
COROMANDEL,Coromandel International Limited,578789220254.1,31-MAY-1995
GODREJPROP,Godrej Properties Limited,563895000864.0,05-JAN-2010
HDBFS,HDB Financial Services Limited,562727224533.6,02-JUL-2025
MRF,MRF Limited,544011412610.0,18-SEP-1996
BERGEPAINT,Berger Paints (I) Limited,540792104205.6,24-NOV-1999
ABBOTINDIA,Abbott India Limited,536757368520.0,08-JAN-2010
LINDEINDIA,Linde India Limited,531107498732.5,16-JUN-1999
ANTHEM,Anthem Biosciences Limited,530698743672.3,21-JUL-2025
FLUOROCHEM,Gujarat Fluorochemicals Limited,525775055000.0,16-OCT-2019
SUNDARMFIN,Sundaram Finance Limited,522521453580.0,07-JAN-1998
PIRAMALFIN,Piramal Finance Limited,520361328120.0,07-NOV-2025
TIINDIA,Tube Investments of India Limited,513327190428.0,02-NOV-2017
FACT,Fertilizers and Chemicals Travancore Limited,511154505861.3,12-APR-1995
MFSL,Max Financial Services Limited,510735349602.9,17-MAY-2000
HINDCOPPER,Hindustan Copper Limited,509911765746.0,15-SEP-2010
TATACOMM,Tata Communications Limited,502854000000.0,12-APR-1995
IPCALAB,IPCA Laboratories Limited,500025643256.2,08-FEB-1995
SONACOMS,Sona BLW Precision Forgings Limited,499799768779.5,24-JUN-2021
M&MFIN,Mahindra & Mahindra Financial Services Limited,499347139230.0,17-MAR-2006
INDOMIM,INDO-MIM Limited,497719756940.85,30-JUL-2026
COLPAL,Colgate Palmolive (India) Limited,491886019089.0,17-DEC-2007
GLAND,Gland Pharma Limited,486119686885.8,20-NOV-2020
UPL,UPL Limited,485650608645.4,23-JAN-2004
VMM,Vishal Mega Mart Limited,483537206640.4,18-DEC-2024
GLAXO,GlaxoSmithKline Pharmaceuticals Limited,481265601990.6,15-DEC-2000
AEGISLOG,Aegis Logistics Limited,458967600000.0,03-APR-1996
CPPLUS,Aditya Infotech Limited,451261292113.5,05-AUG-2025
NAVINFLUOR,Navin Fluorine International Limited,446121783009.5,01-JUN-2007
SUPREMEIND,Supreme Industries Limited,445864313700.0,19-JUL-1995
360ONE,360 ONE WAM LIMITED,445062173960.4,19-SEP-2019
KEI,KEI Industries Limited,443586760800.0,23-MAR-2006
AJANTPHARM,Ajanta Pharma Limited,439773396480.0,29-MAY-2000
STLTECH,Sterlite Technologies Limited,439265634099.5,08-DEC-2000
PREMIERENE,Premier Energies Limited,438453248787.2,03-SEP-2024
BDL,Bharat Dynamics Limited,438042187500.0,23-MAR-2018
MPHASIS,MphasiS Limited,437423968062.9,04-JUN-2004
AIIL,Authum Investment & Infrastructure Limited,435058223650.0,23-APR-2024
THERMAX,Thermax Limited,434372376020.0,30-AUG-1995
PETRONET,Petronet LNG Limited,433050025405.6,26-MAR-2004
RVNL,Rail Vikas Nigam Limited,428680132560.0,11-APR-2019
BALKRISIND,Balkrishna Industries Limited,423944597670.0,27-JAN-2006
COCHINSHIP,Cochin Shipyard Limited,399988017912.0,11-AUG-2017
PAGEIND,Page Industries Limited,398750995500.0,16-MAR-2007
POONAWALLA,Poonawalla Fincorp Limited,395687707955.4,27-APR-2004
MEDANTA,Global Health Limited,392439414607.2,16-NOV-2022
ASTRAL,Astral Limited,391960587817.0,20-MAR-2007
NH,Narayana Hrudayalaya Ltd.,390267827398.8,06-JAN-2016
KPRMILL,K.P.R. Mill Limited,385326922200.0,28-AUG-2007
AIAENG,AIA Engineering Limited,384134639031.0,14-DEC-2005
CONCOR,Container Corporation of India Limited,383969681930.25,07-MAY-1997
VOLTAS,Voltas Limited,383329971290.0,12-APR-1995
ENDURANCE,Endurance Technologies Limited,382026228883.2,19-OCT-2016
JKCEMENT,JK Cement Limited,379812087790.5,14-MAR-2006
GODREJIND,Godrej Industries Limited,377996074176.6,25-FEB-2003
NLCINDIA,NLC India Limited,374946539073.6,23-AUG-2000
IRCTC,Indian Railway Catering And Tourism Corporation Limited,374200000000.0,14-OCT-2019
CUPID,Cupid Limited,373076111215.0,16-SEP-2016
EMCURE,Emcure Pharmaceuticals Limited,372263758851.6,10-JUL-2024
PATANJALI,Patanjali Foods Limited,369684895151.25,24-JAN-2020
3MINDIA,3M India Limited,369494296000.0,13-AUG-2004
PWL,Physicswallah Limited,367059805810.5,18-NOV-2025
ANANDRATHI,Anand Rathi Wealth Limited,365705892770.0,14-DEC-2021
WOCKPHARMA,Wockhardt Limited,360830110481.4,23-FEB-2000
PIIND,PI Industries Limited,358813349070.0,15-JUN-2011
LTTS,L&T Technology Services Limited,358289100294.7,23-SEP-2016
EXIDEIND,Exide Industries Limited,357722500000.0,17-JUN-2003
HFCL,HFCL Limited,357120166667.15,09-MAR-2011
HUDCO,Housing & Urban Development Corporation Limited,348490752000.0,19-MAY-2017
CRISIL,Crisil Limited,345298001268.9,28-JUN-1995
STARHEALTH,Star Health and Allied Insurance Company Limited,339084805527.5,10-DEC-2021
SAILIFE,Sai Life Sciences Limited,337496995916.5,18-DEC-2024
PTCIL,PTC Industries Limited,335608209365.0,09-JUN-2023
DELHIVERY,Delhivery Limited,335259305114.8,24-MAY-2022
HSCL,Himadri Speciality Chemical Limited,334889486336.25,02-MAR-2007
UBL,United Breweries Limited,332277950748.3,28-JUL-2008
ESCORTS,Escorts Kubota Limited,330979147433.6,01-MAR-1995
DALBHARAT,Dalmia Bharat Limited,327358857770.9,22-JAN-2019
TATAINVEST,Tata Investment Corporation Limited,326415552144.0,24-JUN-1998
NIACL,The New India Assurance Company Limited,325232800000.0,13-NOV-2017
KIMS,Krishna Institute of Medical Sciences Limited,324581010835.2,28-JUN-2021
KARURVYSYA,Karur Vysya Bank Limited,324065424452.7,26-JUL-2000
AEGISVOPAK,Aegis Vopak Terminals Limited,323367316064.65,02-JUN-2025
DHOOTTRANS,Dhoot Transmission Limited,321467726381.2,17-AUG-2026
LALPATHLAB,Dr. Lal Path Labs Ltd.,321311313759.0,23-DEC-2015
KIRLOSENG,Kirloskar Oil Engines Limited,321144296296.0,24-DEC-2010
ITCHOTELS,ITC Hotels Limited,321049138506.15,29-JAN-2025
NUVAMA,Nuvama Wealth Management Limited,320790588932.2,26-SEP-2023
IREDA,Indian Renewable Energy Development Agency Limited,318342087289.75,29-NOV-2023
MRPL,Mangalore Refinery and Petrochemicals Limited,317781210245.65,07-JAN-2005
TATATECH,Tata Technologies Limited,316334678161.5,30-NOV-2023
ABSLAMC,Aditya Birla Sun Life AMC Limited,314767033217.0,11-OCT-2021
JUBLFOOD,Jubilant Foodworks Limited,312634655760.0,08-FEB-2010
BLUESTARCO,Blue Star Limited,311300789032.0,15-JUN-2000
MANAPPURAM,Manappuram Finance Limited,310732382541.6,01-DEC-2014
CRAFTSMAN,Craftsman Automation Limited,309956185483.0,25-MAR-2021
SYRMA,Syrma SGS Technology Limited,308297379418.0,26-AUG-2022
GODFRYPHLP,Godfrey Phillips India Limited,307596030720.0,24-JUL-1996
HEXT,Hexaware Technologies Limited,307310493176.4,19-FEB-2025
PNBHOUSING,PNB Housing Finance Limited,307235519217.0,07-NOV-2016
REDINGTON,Redington Limited,306455576952.0,15-FEB-2007
IKS,Inventurus Knowledge Solutions Limited,306035043708.3,19-DEC-2024
NEULANDLAB,Neuland Laboratories Limited,305351358200.0,13-OCT-2008
LICHSGFIN,LIC Housing Finance Limited,303799794900.0,29-JUL-1998
SHYAMMETL,Shyam Metalics and Energy Limited,303165105543.3,24-JUN-2021
HONAUT,Honeywell Automation India Limited,301938010450.0,18-JUL-2003
UCOBANK,UCO Bank,300071646367.45,09-OCT-2003
RUBICON,Rubicon Research Limited,296035122500.0,16-OCT-2025
ZFCVINDIA,ZF Commercial Vehicle Control Systems India Limited,287745836313.6,01-OCT-2008
CHOLAHLDNG,Cholamandalam Financial Holdings Limited,287675071784.0,25-SEP-2017
SCHNEIDER,Schneider Electric Infrastructure Limited,285705411421.5,20-MAR-2012
NETWEB,Netweb Technologies India Limited,285472134274.5,27-JUL-2023
CDSL,Central Depository Services (India) Limited,283195000000.0,30-JUN-2017
PPLPHARMA,Piramal Pharma Limited,282898164143.7,19-OCT-2022
ACUTAAS,Acutaas Chemicals Limited,282569990470.8,14-SEP-2021
ACMESOLAR,Acme Solar Holdings Limited,280805829976.0,13-NOV-2024
BANDHANBNK,Bandhan Bank Limited,280317124344.0,27-MAR-2018
GRSE,Garden Reach Shipbuilders & Engineers Limited,278968485600.0,10-OCT-2018
CENTRALBK,Central Bank of India,278964187264.7,21-AUG-2007
RRKABEL,R R Kabel Limited,275638115685.0,20-SEP-2023
ANGELONE,Angel One Limited,271538776322.7,05-OCT-2020
DATAPATTNS,Data Patterns (India) Limited,267446616706.8,24-DEC-2021
APOLLOTYRE,Apollo Tyres Limited,266456601894.3,31-MAY-1995
HATSUN,Hatsun Agro Product Limited,266072806126.0,20-JUN-2014
TVSHLTD,TVS Holdings Limited,265728453936.0,23-OCT-2012
SJVN,SJVN Limited,264082235760.0,20-MAY-2010
SUNDRMFAST,Sundram Fasteners Limited,263942245557.0,07-JUN-2000
CGCL,Capri Global Capital Limited,261946416154.5,29-OCT-2010
METROBRAND,Metro Brands Limited,259505773682.8,22-DEC-2021
IIFL,IIFL Finance Limited,258448728350.55,17-MAY-2005
AMBER,Amber Enterprises India Limited,256749343760.0,30-JAN-2018
SANSERA,Sansera Engineering Limited,256053819979.2,24-SEP-2021
URBANCO,Urban Company Limited,253781240029.7,17-SEP-2025
ITI,ITI Limited,253711493304.5,15-SEP-2003
ASAHIINDIA,Asahi India Glass Limited,248859924830.4,18-MAR-1998
TIMKEN,Timken India Limited,248011209744.8,06-FEB-2007
PGHH,Procter & Gamble Hygiene and Health Care Limited,246101069984.0,07-JUL-2004
KPIL,Kalpataru Projects International Limited,244546285872.0,15-DEC-2000
GUJENERGY,GUJARAT ENERGY LIMITED,244375400724.0,15-SEP-2015
PFOCUS,Prime Focus Limited,243311836011.85,20-JUN-2006
CHENNPETRO,Chennai Petroleum Corporation Limited,242189500960.0,07-JUN-2000
AWL,AWL Agri Business Limited,241350316948.5,08-FEB-2022
MSUMI,Motherson Sumi Wiring India Limited,240994593373.3,28-MAR-2022
GILLETTE,Gillette India Limited,240658120153.5,30-JUL-2003
IRB,IRB Infrastructure Developers Limited,240472980000.0,25-FEB-2008
SUMICHEM,Sumitomo Chemical India Limited,240039184442.4,27-JAN-2020
TDPOWERSYS,TD Power Systems Limited,238326469965.0,08-SEP-2011
GABRIEL,Gabriel India Limited,237257831790.1,20-APR-2005
EMMVEE,Emmvee Photovoltaic Power Limited,237232025557.45,18-NOV-2025
FORCEMOT,FORCE MOTORS LTD,236873211950.0,14-FEB-2024
ACC,ACC Limited,235541563980.9,20-NOV-1996
KAYNES,Kaynes Technology India Limited,234554254346.0,22-NOV-2022
GODIGIT,Go Digit General Insurance Limited,231837325682.0,23-MAY-2024
IFCI,IFCI Limited,229420865284.65,26-APR-1995
JYOTICNC,Jyoti CNC Automation Limited,228310046074.4,16-JAN-2024
NBCC,NBCC (India) Limited,226638000000.0,12-APR-2012
CREDITACC,CREDITACCESS GRAMEEN LIMITED,224859832232.0,23-AUG-2018
MTARTECH,Mtar Technologies Limited,224698812255.0,15-MAR-2021
DEEPAKNTR,Deepak Nitrite Limited,224475666877.8,29-SEP-2010
AFFLE,Affle 3i Limited,224429436096.0,08-AUG-2019
CUB,City Union Bank Limited,224363770045.1,25-AUG-1998
KIOCL,KIOCL Limited,223591628218.4,29-NOV-2016
GRANULES,Granules India Limited,222831381209.25,20-JUN-2005
BELRISE,Belrise Industries Limited,220897498299.6,28-MAY-2025
ANANTRAJ,Anant Raj Limited,219111068830.5,27-SEP-2006
AETHER,Aether Industries Limited,217688438412.8,03-JUN-2022
FINCABLES,Finolex Cables Limited,216929166948.0,15-FEB-1995
CEMPRO,Cemindia Projects Limited,215060876409.6,10-FEB-1999
IGL,Indraprastha Gas Limited,214844245536.0,26-DEC-2003
MILKYMIST,Milky Mist Dairy Food Limited,214655438289.15,18-AUG-2026
CAPLIPOINT,Caplin Point Laboratories Limited,212483094998.4,23-JUN-2014
BRIGADE,Brigade Enterprises Limited,212380633737.0,31-DEC-2007
TATAELXSI,Tata Elxsi Limited,212370691176.0,17-SEP-2003
GRINDWELL,Grindwell Norton Limited,211220544000.0,11-SEP-2006
HAPPYFORGE,Happy Forgings Limited,210722319597.4,27-DEC-2023
DIACABS,Diamond Power Infrastructure Limited,210221977590.0,15-SEP-2023
TENNIND,Tenneco Clean Air India Limited,209571537448.25,19-NOV-2025
INOXINDIA,INOX India Limited,208374843300.0,21-DEC-2023
SAGILITY,SAGILITY LIMITED,207897794821.35,12-NOV-2024
CARBORUNIV,Carborundum Universal Limited,207676015880.4,03-APR-1996
SHRIPISTON,SPR Auto Technologies Limited,206298306092.8,02-JUN-2016
RAMCOCEM,The Ramco Cements Limited,205515297505.0,09-APR-1997
JINDALSAW,Jindal Saw Limited,203043864295.0,29-APR-2003
AADHARHFC,Aadhar Housing Finance Limited,202338200567.3,15-MAY-2024
WELSPUNLIV,Welspun Living Limited,201901604197.0,04-DEC-2003
GESHIP,The Great Eastern Shipping Company Limited,199902578832.2,27-NOV-2006
HBLENGINE,HBL Engineering Limited,199829836571.4,04-JAN-2007
PINELABS,Pine Labs Limited,198847020205.1,14-NOV-2025
KAJARIACER,Kajaria Ceramics Limited,198118801531.0,01-JUN-2004
RATNAMANI,Ratnamani Metals & Tubes Limited,197869716000.0,09-MAY-2006
ELGIEQUIP,Elgi Equipments Limited,196990644345.6,22-NOV-1995
CESC,CESC Limited,195627684059.4,08-FEB-1995
CHALET,Chalet Hotels Limited,191740307894.85,07-FEB-2019
SARDAEN,Sarda Energy & Minerals Limited,189316837307.5,03-DEC-2009
LALITHAA,Lalithaa Jewellery Mart Limited,188958032193.6,24-AUG-2026
LMW,LMW Limited,188170362000.0,29-MAR-1995
ERIS,Eris Lifesciences Limited,187980339489.6,29-JUN-2017
PFIZER,Pfizer Limited,187355261632.8,28-APR-1999
ATUL,Atul Limited,187131794780.0,06-MAY-1998
CASTROLIND,Castrol India Limited,186014355535.05,14-MAR-2014
ESDS,ESDS Software Solution Limited,185451195151.8,04-SEP-2026
THELEELA,Leela Palaces Hotels & Resorts Limited,185062758093.7,02-JUN-2025
GMDCLTD,Gujarat Mineral Development Corporation Limited,184567200000.0,17-DEC-1997
SHILPAMED,Shilpa Medicare Limited,183827348858.4,03-DEC-2009
AARTIIND,Aarti Industries Limited,182765753188.55,08-FEB-1995
TBOTEK,TBO Tek Limited,181515344749.2,15-MAY-2024
OLAELEC,Ola Electric Mobility Limited,181202185453.95,09-AUG-2024
ZYDUSWELL,Zydus Wellness Limited,180174415736.0,13-NOV-2009
SUNTV,Sun TV Network Limited,179525248641.0,24-APR-2006
AZAD,Azad Engineering Limited,179117464210.5,28-DEC-2023
BAYERCROP,Bayer Cropscience Limited,178797618812.8,08-JAN-2010
ECLERX,eClerx Services Limited,178677554056.4,31-DEC-2007
TRITURBINE,Triveni Turbine Limited,178291398972.15,28-OCT-2011
EIHOTEL,EIH Limited,178260060079.1,08-FEB-1995
POLYMED,Poly Medicure Limited,177145980673.0,07-DEC-2011
ONESOURCE,Onesource Specialty Pharma Limited,176772360561.9,24-JAN-2025
CAMS,Computer Age Management Services Limited,176564962576.0,07-MAY-2021
FSL,Firstsource Solutions Limited,175188644115.1,22-FEB-2007
SAMMAANCAP,Sammaan Capital Limited,173964343186.15,23-JUL-2013
MOLBIO,Molbio Diagnostics Limited,173943249962.4,17-AUG-2026
CHOICEIN,Choice International Limited,171627015600.0,08-APR-2022
ASTRAZEN,AstraZeneca Pharma India Limited,171512500000.0,04-MAY-2001
ABDL,Allied Blenders and Distillers Limited,171028771828.95,02-JUL-2024
ALIVUS,Alivus Life Sciences Limited,170632380609.6,06-AUG-2021
COHANCE,Cohance Lifesciences Limited,170357147442.0,09-MAR-2020
GPIL,Godawari Power And Ispat limited,169775364768.9,25-APR-2006
TRAVELFOOD,Travel Food Services Limited,169326648475.6,14-JUL-2025
BEML,BEML Limited,168993381000.0,05-NOV-2003
DEEPAKFERT,Deepak Fertilizers and Petrochemicals Corporation Limited,168603239070.0,17-JAN-2003
MINDACORP,Minda Corporation Limited,168096745826.8,16-OCT-2014
DEVYANI,Devyani International Limited,167581176392.7,16-AUG-2021
CHAMBLFERT,Chambal Fertilizers & Chemicals Limited,167372497071.75,14-JUN-1995
VTL,Vardhman Textiles Limited,166622270480.0,14-JAN-2003
JSWCEMENT,JSW Cement Limited,164653583320.7,14-AUG-2025
CLEANMAX,Clean Max Enviro Energy Solutions Limited,163859525820.0,02-MAR-2026
JUBLPHARMA,Jubilant Pharmova Limited,163366700215.35,16-JUN-2003
PARADEEP,Paradeep Phosphates Limited,163106982023.35,27-MAY-2022
CENTURYPLY,Century Plyboards (India) Limited,163086083309.5,23-MAR-2006
EMAMILTD,Emami Limited,161876025000.0,03-AUG-2006
GRAPHITE,Graphite India Limited,161145789931.2,07-FEB-2003
AGARWALEYE,Dr. Agarwal's Health Care Limited,161138322283.8,04-FEB-2025
ASTRAMICRO,Astra Microwave Products Limited,161102689574.4,01-NOV-2004
J&KBANK,The Jammu & Kashmir Bank Limited,160519367631.5,22-JUL-1998
APLLTD,Alembic Pharmaceuticals Limited,160474134433.6,20-SEP-2011
GRWRHITECH,Garware Hi-Tech Films Limited,160419680570.0,03-FEB-2022
PSB,Punjab & Sind Bank,160360225972.0,30-DEC-2010
HORIZONIND,Horizon Industrial Parks Limited,160145252428.7,24-AUG-2026
BASF,BASF India Limited,159650426012.0,17-MAY-1995
FINEORG,Fine Organic Industries Limited,158082836256.0,02-JUL-2018
NAVA,NAVA LIMITED,158013762454.6,03-APR-1996
ZENTEC,Zen Technologies Limited,157999093964.4,30-MAR-2015
THANGAMAYL,Thangamayil Jewellery Limited,157943289711.5,19-FEB-2010
DCMSHRIRAM,DCM Shriram Limited,157111863220.0,12-APR-1995
FIVESTAR,Five-Star Business Finance Limited,156637154502.2,21-NOV-2022
CMPDI,Central Mine Planning & Design Institute Limited,156201780000.0,30-MAR-2026
SPLPETRO,Supreme Petrochem Limited,155726437377.3,24-MAY-2022
BHARATCOAL,Bharat Coking Coal Limited,155636940000.0,19-JAN-2026
SHAILY,Shaily Engineering Plastics Limited,155611123033.6,04-APR-2022
TATACHEM,Tata Chemicals Limited,155541445532.9,01-APR-1999
KFINTECH,Kfin Technologies Limited,155372046562.0,29-DEC-2022
HONASA,Honasa Consumer Limited,155073418340.4,07-NOV-2023
SYNGENE,Syngene International Limited,155008952448.0,11-AUG-2015
PGEL,PG Electroplast Limited,154655720636.0,26-SEP-2011
KANSAINER,Kansai Nerolac Paints Limited,154553422361.7,15-SEP-2003
AEQUS,Aequs Limited,154226269424.6,10-DEC-2025
VIJAYA,Vijaya Diagnostic Centre Limited,154221615926.4,14-SEP-2021
LTFOODS,LT Foods Limited,153312174776.0,18-DEC-2006
ENGINERSIN,Engineers India Limited,152903627574.65,20-AUG-1997
CONCORDBIO,Concord Biotech Limited,151986421171.2,18-AUG-2023
USHAMART,Usha Martin Limited,151075737435.0,11-OCT-2000
KPITTECH,KPIT Technologies Limited,151039531017.6,22-APR-2019
ARE&M,Amara Raja Energy & Mobility Limited,149934378188.8,05-SEP-2003
MARKSANS,Marksans Pharma Limited,149766499915.2,21-JAN-2002
MAHSCOOTER,Maharashtra Scooters Limited,149691383664.0,08-FEB-1995
ABREL,Aditya Birla Real Estate Limited,149381802432.0,27-JUN-2003
ARVIND,Arvind Limited,149367166872.0,08-FEB-1995
SHADOWFAX,Shadowfax Technologies Limited,149228503101.2,28-JAN-2026
AVALON,Avalon Technologies Limited,148736201219.0,18-APR-2023
RAINBOW,Rainbow Childrens Medicare Limited,148286523675.6,10-MAY-2022
CROMPTON,Crompton Greaves Consumer Electricals Limited,148100421250.0,13-MAY-2016
APOLLO,Apollo Micro Systems Limited,147638607808.0,22-JAN-2018
JNPR,Juniper Green Energy Limited,147399046400.1,06-AUG-2026
NIVABUPA,Niva Bupa Health Insurance Company Limited,146748882462.8,14-NOV-2024
NATCOPHARM,Natco Pharma Limited,146628295075.5,27-DEC-1995
CCL,CCL Products (India) Limited,146453422656.0,07-JUN-2004
TMB,Tamilnad Mercantile Bank Limited,146261320487.1,15-SEP-2022
CARTRADE,Cartrade Tech Limited,145735504314.5,20-AUG-2021
INGERRAND,Ingersoll Rand (India) Limited,145364326400.0,15-APR-1999
SKFINDUS,SKF India (Industrial) Limited,145120196590.2,05-DEC-2025
CIEINDIA,CIE Automotive India Limited,144840555538.6,30-AUG-2007
JSWDULUX,JSW Dulux Limited,144804536425.8,28-JUN-2001
CANHLIFE,Canara HSBC Life Insurance Company Limited,144742000000.0,17-OCT-2025
KIRLOSBROS,Kirloskar Brothers Limited,144389250145.8,20-APR-2010
VGUARD,V-Guard Industries Limited,143627934331.25,13-MAR-2008
JBMA,JBM Auto Limited,142901659022.0,17-DEC-2004
BALRAMCHIN,Balrampur Chini Mills Limited,142405349945.4,08-FEB-1995
VOGL,Vedanta Oil and Gas Limited,142220813633.1,15-JUN-2026
BIKAJI,Bikaji Foods International Limited,141954412860.0,16-NOV-2022
SWANDEF,Swan Defence and Heavy Industries Limited,140282029020.0,20-JAN-2025
ANURAS,Anupam Rasayan India Limited,140158654441.0,24-MAR-2021
MANYAVAR,Vedant Fashions Limited,140100679467.0,16-FEB-2022
KSB,Ksb Limited,139962340724.0,08-FEB-1995
SIGMAADV,SIGMA ADVANCED SYSTEMS LIMITED,139731650109.25,19-JUL-2007
INDGN,Indegene Limited,139114967991.75,13-MAY-2024
ATLANTAELE,Atlanta Electricals Limited,138829166775.0,29-SEP-2025
NAZARA,Nazara Technologies Limited,138794721241.6,30-MAR-2021
WABAG,VA Tech Wabag Limited,137829783423.4,13-OCT-2010
PRUDENT,Prudent Corporate Advisory Services Limited,137420489584.0,20-MAY-2022
SUDEEPPHRM,Sudeep Pharma Limited,137063156437.5,28-NOV-2025
PRIVISCL,Privi Speciality Chemicals Limited,136547595093.6,08-MAY-2015
VINATIORGA,Vinati Organics Limited,136050775436.8,28-JUL-2009
UTLSOLAR,Fujiyama Power Systems Limited,135420402482.5,20-NOV-2025
VARROC,Varroc Engineering Limited,135124292160.0,06-JUL-2018
CORONA,CORONA Remedies Limited,134601121670.4,15-DEC-2025
IGIL,International Gemological Institute Limited,134488097395.2,20-DEC-2024
PCJEWELLER,PC Jeweller Limited,134296697044.65,27-DEC-2012
ACE,Action Construction Equipment Limited,133516079355.2,26-SEP-2006
GALLANTT,Gallantt Ispat Limited,133488682821.25,04-APR-2006
CEATLTD,CEAT Limited,133311368204.4,01-FEB-2008
VENTIVE,Ventive Hospitality Limited,133072008238.4,30-DEC-2024
SCI,Shipping Corporation Of India Limited,132845877652.0,13-AUG-1997
VEDPOWER,Vedanta Power Limited,132796778415.7,15-JUN-2026
TI,Tilaknagar Industries Limited,132584128531.25,16-JUL-2010
LUMAXTECH,Lumax Auto Technologies Limited,132403157733.0,16-JAN-2007
BBOX,Black Box Limited,132284767844.25,22-JUL-2003
RKFORGE,Ramkrishna Forgings Limited,132203149109.85,05-MAY-2004
SOBHA,Sobha Limited,132136868374.2,20-DEC-2006
FRACTAL,Fractal Analytics Limited,131837053114.8,16-FEB-2026
PCBL,PCBL Chemical Limited,131731279819.2,29-MAR-1995
MANORAMA,Manorama Industries Limited,131610183150.0,01-JUL-2022
DOMS,DOMS Industries Limited,131426660441.6,20-DEC-2023
INOXWIND,Inox Wind Limited,131380639228.45,09-APR-2015
EIDPARRY,EID Parry India Limited,130588818525.9,10-MAY-1995
VISL,Vedanta Iron and Steel Limited,130489649462.1,15-JUN-2026
BLUESTONE,BlueStone Jewellery and Lifestyle Limited,130326383022.15,19-AUG-2025
GODREJAGRO,Godrej Agrovet Limited,129467875789.35,16-OCT-2017
EDELWEISS,Edelweiss Financial Services Limited,129428738231.2,12-DEC-2007
UJJIVANSFB,Ujjivan Small Finance Bank Limited,129398415217.3,12-DEC-2019
TEGA,Tega Industries Limited,129339844876.8,13-DEC-2021
SEDEMAC,SEDEMAC Mechatronics Limited,128761685550.0,11-MAR-2026
SKYGOLD,SKY GOLD AND DIAMONDS LIMITED,128591785885.2,06-JAN-2023
NSLNISP,NMDC Steel Limited,128536372581.0,20-FEB-2023
JSWHL,JSW Holdings Limited,127024108500.0,21-JUN-2005
HOMEFIRST,Home First Finance Company India Limited,126412802277.4,03-FEB-2021
APTUS,Aptus Value Housing Finance India Limited,126287318019.2,24-AUG-2021
KTKBANK,The Karnataka Bank Limited,125771519054.25,10-MAY-2000
GRAVITA,Gravita India Limited,125378415713.7,16-NOV-2010
E2E,E2E Networks Limited,124551766851.0,12-APR-2022
AMAGI,Amagi Media Labs Limited,123756692915.2,21-JAN-2026
METROPOLIS,Metropolis Healthcare Limited,123494785009.2,15-APR-2019
ASKAUTOLTD,ASK Automotive Limited,122701554240.0,15-NOV-2023
JMFINANCIL,JM Financial Limited,121700758524.55,10-OCT-2006
PARKHOSPS,Park Medi World Limited,121286186611.2,17-DEC-2025
SOUTHBANK,The South Indian Bank Limited,120619878266.9,08-DEC-1998
TRIDENT,Trident Limited,120213594255.3,21-FEB-2001
PVRINOX,PVR INOX Limited,119931613590.6,04-JAN-2006
UTIAMC,UTI Asset Management Company Limited,118427744105.25,12-OCT-2020
NUVOCO,Nuvoco Vistas Corporation Limited,118325833488.9,23-AUG-2021
AKUMS,Akums Drugs and Pharmaceuticals Limited,117990403104.2,06-AUG-2024
LLOYDSENGG,LLOYDS ENGINEERING WORKS LIMITED,117663992862.75,18-JUL-2016
PARAS,Paras Defence and Space Technologies Limited,117117566689.0,01-OCT-2021
SHREEJISPG,Shreeji Shipping Global Limited,116177006927.4,26-AUG-2025
BLUEDART,Blue Dart Express Limited,115854010548.4,12-DEC-2002
TITAGARH,TITAGARH RAIL SYSTEMS LIMITED,115711701465.6,21-APR-2008
VIYASH,Viyash Scientific Limited,113784217984.65,10-MAR-2016
TECHNOE,Techno Electric & Engineering Company Limited,113723538435.9,04-DEC-2018
QPOWER,Quality Power Electrical Equipments Limited,112928986620.0,24-FEB-2025
CYIENT,Cyient Limited,112756117359.6,30-SEP-1998
STAR,Strides Pharma Science Limited,112174192938.0,02-FEB-2000
JPPOWER,Jaiprakash Power Ventures Limited,111231636762.2,18-APR-2005
AVANTIFEED,Avanti Feeds Limited,111081062139.0,15-APR-2015
VOLTAMP,Voltamp Transformers Limited,110519418880.0,20-SEP-2006
KENNAMET,Kennametal India Limited,110504392896.0,20-APR-2026
WELENT,Welspun Enterprises Limited,110447299689.5,04-NOV-2004
KEC,KEC International Limited,110060390000.0,10-MAR-2006
PGIL,Pearl Global Industries Limited,109833482152.8,15-FEB-2007
SBFC,SBFC Finance Limited,109047571005.05,16-AUG-2023
BLUEJET,Blue Jet Healthcare Limited,108890310785.3,01-NOV-2023
MGL,Mahanagar Gas Limited,108734578022.4,01-JUL-2016
SIGNATURE,Signatureglobal (India) Limited,108523432193.85,27-SEP-2023
IRCON,Ircon International Limited,108356818405.4,28-SEP-2018
INDIACEM,The India Cements Limited,107828731087.95,31-MAY-2000
BLACKBUCK,BLACKBUCK LIMITED,106679267011.8,22-NOV-2024
ELANTAS,Elantas Beck India Limited,106207155754.0,20-APR-2026
JUBLINGREA,Jubilant Ingrevia Limited,106176807257.4,19-MAR-2021
LLOYDSENT,Lloyds Enterprises Limited,105228165747.9,17-OCT-2024
IIFLCAPS,IIFL Capital Services Limited,105126278857.2,20-SEP-2019
HCG,Healthcare Global Enterprises Limited,104645914082.7,30-MAR-2016
CANFINHOME,Can Fin Homes Limited,104153521080.2,10-MAY-1995
IEX,Indian Energy Exchange Limited,103998123683.05,23-OCT-2017
KRN,KRN Heat Exchanger and Refrigeration Limited,103725516915.6,03-OCT-2024
JWL,Jupiter Wagons Limited,103235591166.85,18-OCT-2010
JKTYRE,JK Tyre & Industries Limited,103106743609.15,19-MAR-2007
RATEGAIN,Rategain Travel Technologies Limited,102609825595.55,17-DEC-2021
ABLBL,Aditya Birla Lifestyle Brands Limited,102523818516.0,23-JUN-2025
AAVAS,Aavas Financiers Limited,101972016430.2,08-OCT-2018
SUVEN,Suven Life Sciences Limited,101920360840.2,23-OCT-2003
LOTUSDEV,Sri Lotus Developers and Realty Limited,101595884834.8,06-AUG-2025
RITES,RITES Limited,101311275559.2,02-JUL-2018
WHIRLPOOL,Whirlpool of India Limited,100945571539.5,06-APR-2010
JAINREC,Jain Resource Recycling Limited,100575260490.3,01-OCT-2025
BBTC,The Bombay Burmah Trading Corporation Limited,100101744930.0,03-APR-1996
SUDARSCHEM,Sudarshan Chemical Industries Limited,99919923580.8,25-MAY-1995
GENUSPOWER,Genus Power Infrastructures Limited,99228728882.25,08-JUL-2005
OLECTRA,Olectra Greentech Limited,99046825337.9,20-MAR-2002
INDIAMART,Indiamart Intermesh Limited,98496433479.6,04-JUL-2019
ALKYLAMINE,Alkyl Amines Chemicals Limited,98211923055.6,26-NOV-2007
TSFINV,TSF INVESTMENTS LIMITED,97981117839.0,26-MAR-2018
TEJASNET,Tejas Networks Limited,97782446812.0,27-JUN-2017
KWIL,Kwality Wall's (India) Limited,97578525110.85,16-FEB-2026
FINPIPE,Finolex Industries Limited,97464512237.4,08-FEB-1995
SAREGAMA,Saregama India Limited,97397713873.5,30-JUL-1997
ZENSARTECH,Zensar Technologies Limited,97231642519.6,09-JUL-2003
BLS,BLS International Services Limited,97018510152.05,14-JUN-2016
KRBL,KRBL Limited,96877646789.0,21-JAN-2002
SGMART,SG Mart Limited,96612282560.0,12-SEP-2025
MAHSEAMLES,Maharashtra Seamless Limited,96338762225.4,25-AUG-2004
AFCONS,Afcons Infrastructure Limited,95936620996.35,04-NOV-2024
INTELLECT,Intellect Design Arena Limited,95914356066.9,18-DEC-2014
SANDUMA,Sandur Manganese & Iron Ores Limited,95636261106.35,07-SEP-2023
ELECON,Elecon Engineering Company Limited,94360170565.0,29-SEP-2006
SANOFICONR,Sanofi Consumer Healthcare India Limited,94186031731.2,13-SEP-2024
YATHARTH,Yatharth Hospital & Trauma Care Services Limited,94157477660.4,07-AUG-2023
SHIPROCKET,Shiprocket Limited,93981196912.8,19-AUG-2026
WEWORK,WeWork India Management Limited,93818671091.4,10-OCT-2025
KIRLPNU,Kirloskar Pneumatic Company Limited,93500818686.0,26-APR-2023
SWANCORP,SWAN CORP LIMITED,93457170560.9,29-MAY-2012
MMTC,MMTC Limited,93345000000.0,09-APR-2012
JLHL,Jupiter Life Line Hospitals Limited,92120260910.0,18-SEP-2023
MAXESTATES,Max Estates Limited,91512198653.5,30-OCT-2023
TIMETECHNO,Time Technoplast Limited,91258372515.75,13-JUN-2007
SMLMAH,SML Mahindra Limited,90852993588.0,29-AUG-2003
RPOWER,Reliance Power Limited,90325237897.45,11-FEB-2008
CLEAN,Clean Science and Technology Limited,90175404094.0,19-JUL-2021
PRICOLLTD,Pricol Limited,90143555920.8,10-FEB-2017
PGHL,Procter & Gamble Health Limited,90059947041.0,24-APR-1996
PNGJL,P N Gadgil Jewellers Limited,89948139564.25,17-SEP-2024
NCC,NCC Limited,89876239072.2,14-OCT-2003
BANCOINDIA,Banco Products (I) Limited,89755905750.0,22-DEC-2006
ESABINDIA,Esab India Limited,89648948480.0,01-NOV-1995
FIRSTCRY,Brainbees Solutions Limited,89471819323.7,13-AUG-2024
SETL,Standard Engineering Technology Limited,88953332085.8,13-JAN-2025
THYROCARE,Thyrocare Technologies Limited,88766496175.5,09-MAY-2016
JAYNECOIND,Jayaswal Neco Industries Limited,88642429694.75,10-MAY-1995
WESTLIFE,WESTLIFE FOODWORLD LIMITED,87628327921.75,05-JUN-2023
ICIL,Indo Count Industries Limited,87034979713.0,12-SEP-2005
TARIL,Transformers And Rectifiers (India) Limited,87033083568.3,28-DEC-2007
WAAREERTL,Waaree Renewable Technologies Limited,87008738659.2,09-APR-2025
MIDHANI,Mishra Dhatu Nigam Limited,86803989000.0,04-APR-2018
RELIGARE,Religare Enterprises Limited,86145398155.6,21-NOV-2007
PRECWIRE,Precision Wires India Limited,84941725583.75,06-SEP-1995
TIPSMUSIC,Tips Music Limited,84556066856.0,10-NOV-2000
VESUVIUS,Vesuvius India Limited,84451988880.0,04-OCT-2002
KINGFA,Kingfa Science & Technology (India) Limited,84391225177.5,15-NOV-2016
RAILTEL,Railtel Corporation Of India Limited,84310519518.9,26-FEB-2021
BATAINDIA,Bata India Limited,83960615505.0,18-JUN-2003
GNFC,Gujarat Narmada Valley Fertilizers and Chemicals Limited,83866394822.25,17-MAY-1995
AUGMONT,Augmont Enterprises Limited,83835190837.5,31-AUG-2026
LEMONTREE,Lemon Tree Hotels Limited,83740451244.8,09-APR-2018
EQUITASBNK,Equitas Small Finance Bank Limited,83068514769.8,02-NOV-2020
GRINFRA,G R Infraprojects Limited,82299667940.95,19-JUL-2021
RELAXO,Relaxo Footwears Limited,81378023763.4,17-JUN-2011
STARCEMENT,Star Cement Limited,80291677135.95,16-JUN-2017
EMBDL,Embassy Developments Limited,80100485740.8,23-MAR-2007
RPEL,Raghav Productivity Enhancers Limited,80064919825.0,08-AUG-2024
UNIMECH,Unimech Aerospace and Manufacturing Limited,79748678232.3,31-DEC-2024
GALAXYSURF,Galaxy Surfactants Limited,79681009644.8,08-FEB-2018
KSHINTL,KSH International Limited,79565518510.0,23-DEC-2025
V2RETAIL,V2 Retail Limited,79538388781.5,04-JUL-2007
AXISCADES,AXISCADES Technologies Limited,79520190133.3,21-DEC-2000
ORKLAINDIA,Orkla India Limited,79248269555.0,06-NOV-2025
CORDELIA,Waterways Leisure Tourism Limited,79228587859.2,01-JUL-2026
MEDPLUS,Medplus Health Services Limited,79056192991.05,23-DEC-2021
EPL,EPL Limited,78562595049.75,11-FEB-2002
GPPL,Gujarat Pipavav Port Limited,78447794195.7,09-SEP-2010
DYNAMATECH,Dynamatic Technologies Limited,78393626549.0,14-SEP-2006
RHIM,RHI MAGNESITA INDIA LIMITED,78202090026.2,12-MAR-2012
ENTERO,Entero Healthcare Solutions Limited,78023739543.3,16-FEB-2024
AVL,Aditya Vision Limited,77941270077.5,06-NOV-2024
GARFIBRES,Garware Technical Fibres Limited,77874055402.5,03-APR-2007
ZEEL,Zee Entertainment Enterprises Limited,77754047049.0,09-SEP-1998
EBGNG,GNG Electronics Limited,77294107950.15,30-JUL-2025
BSOFT,BIRLASOFT LIMITED,77087834230.4,24-NOV-1999
NESCO,Nesco Limited,76885908352.0,08-APR-2008
KIRLFER,Kirloskar Ferrous Industries Limited,76869977802.3,20-APR-2026
EUREKAFORB,Eureka Forbes Limited,76855113557.1,11-SEP-2024
MAHLIFE,Mahindra Lifespace Developers Limited,76728707449.75,10-MAY-2000
SFL,Sheela Foam Limited,76218453006.3,09-DEC-2016
BALAMINES,Balaji Amines Limited,75902582600.0,05-APR-2007
SKFINDIA,SKF India Limited,75719184130.8,27-JAN-1999
GAEL,Gujarat Ambuja Exports Limited,75588924768.0,11-OCT-2000
PAISALO,Paisalo Digital Limited,75535791635.7,17-OCT-2011
GMRP&UI,GMR Power and Urban Infra Limited,75376001723.8,23-MAR-2022
BECTORFOOD,Mrs. Bectors Food Specialities Limited,75347771636.8,24-DEC-2020
JKPAPER,JK Paper Limited,75274487780.65,16-JUN-2005
POWERMECH,Power Mech Projects Limited,75227805184.8,26-AUG-2015
NEPHROPLUS,Nephrocare Health Services Limited,74979600778.25,17-DEC-2025
SJS,S.J.S. Enterprises Limited,74975273760.4,15-NOV-2021
AARTIPHARM,Aarti Pharmalabs Limited,74860637888.25,30-JAN-2023
CELLO,Cello World Limited,74857938022.6,06-NOV-2023
AEROFLEX,Aeroflex Industries Limited,74661019305.6,31-AUG-2023
BLISSGVS,Bliss GVS Pharma Limited,74099885437.4,26-JUL-2010
HNDFDS,Hindustan Foods Limited,74072718351.9,06-JUN-2023
TTKPRESTIG,TTK Prestige Limited,73980921556.8,22-DEC-1999
SUPRIYA,Supriya Lifescience Limited,73838944860.0,28-DEC-2021
EMIL,Electronics Mart India Limited,73802507526.85,17-OCT-2022
SAFARI,Safari Industries (India) Limited,73571719381.6,12-SEP-2019
KAMAHOLD,Kama Holdings Limited,73326963875.0,20-APR-2026
CYIENTDLM,Cyient DLM Limited,73277146826.8,10-JUL-2023
SYMBIOTEC,Symbiotec Pharmalab Limited,73184498762.4,01-SEP-2026
DCBBANK,DCB Bank Limited,73153445994.5,27-OCT-2006
INDIASHLTR,India Shelter Finance Corporation Limited,73119904292.85,20-DEC-2023
RAIN,Rain Industries Limited,73081189133.1,03-MAR-2008
SONATSOFTW,Sonata Software Limited,72938494641.6,28-JUL-1999
POWERICA,Powerica Limited,72874898370.45,02-APR-2026
CERA,Cera Sanitaryware Limited,72406795174.0,02-NOV-2007
NEWGEN,Newgen Software Technologies Limited,72380830015.8,29-JAN-2018
SAPPHIRE,Sapphire Foods India Limited,72025122839.55,18-NOV-2021
ETHOSLTD,Ethos Limited,71908624168.2,30-MAY-2022
JYOTHYLAB,Jyothy Labs Limited,71845519077.15,19-DEC-2007
TIIL,Technocraft Industries (India) Limited,71580290565.8,12-FEB-2007
SANOFI,Sanofi India Limited,71533111932.0,19-MAY-2003
INOXGREEN,Inox Green Energy Services Limited,71513763055.4,23-NOV-2022
KMEW,Knowledge Marine & Engineering Works Limited,71269241284.8,14-NOV-2024
IXIGO,Le Travenues Technology Limited,71029302453.1,18-JUN-2024
BENGALASM,Bengal & Assam Company Limited,70709875749.5,20-APR-2026
MBAPL,Madhya Bharat Agro Products Limited,70627313640.0,22-AUG-2019
SHARDACROP,Sharda Cropchem Limited,70493783768.25,23-SEP-2014
BORORENEW,BOROSIL RENEWABLES LIMITED,70450214502.6,25-MAY-2018
TTML,Tata Teleservices (Maharashtra) Limited,70201454676.55,20-OCT-2000
OMNI,Omnitech Engineering Limited,69667252367.0,05-MAR-2026
IMFA,Indian Metals & Ferro Alloys Limited,69012696984.6,23-JUL-2010
RBA,Restaurant Brands Asia Limited,68908620218.85,14-DEC-2020
KOVAI,Kovai Medical Center & Hospital Limited,68848712504.0,20-APR-2026
SUPRAJIT,Suprajit Engineering Limited,68626724844.1,18-FEB-2005
BAJAJCON,Bajaj Consumer Care Limited,68502778448.45,18-AUG-2010
FCL,Fineotex Chemical Limited,68367847839.0,15-JAN-2015
AJAXENGG,Ajax Engineering Limited,67442808600.0,17-FEB-2025
SENORES,Senores Pharmaceuticals Limited,67381004602.8,30-DEC-2024
TANLA,Tanla Platforms Limited,66819256332.15,05-JAN-2007
GOKULAGRO,Gokul Agro Resources Limited,66807632502.4,11-MAR-2016
INNOVACAP,Innova Captab Limited,66804382114.6,29-DEC-2023
TFCILTD,Tourism Finance Corporation of India Limited,66284451450.8,26-JUL-2000
DBL,Dilip Buildcon Limited,66236880655.75,11-AUG-2016
CEIGALL,Ceigall India Limited,66041062805.1,08-AUG-2024
SKIPPER,Skipper Limited,65823052405.0,27-MAY-2015
DODLA,Dodla Dairy Limited,65763344590.9,28-JUN-2021
TCI,Transport Corporation of India Limited,65761759649.3,21-JAN-2002
MANINDS,Man Industries (India) Limited,65742138502.95,24-JUN-2005
UEL,Ujaas Energy Limited,65612704752.0,16-APR-2024
NEOGEN,Neogen Chemicals Limited,65412081018.6,08-MAY-2019
CAMPUS,Campus Activewear Limited,65312092445.3,09-MAY-2022
VMART,V-Mart Retail Limited,65054356035.6,20-FEB-2013
GANESHHOU,GANESH HOUSING LIMITED,64454051215.5,02-MAR-2007
BIRLACORPN,Birla Corporation Limited,64430373834.9,12-APR-1995
JSLL,Jeena Sikho Lifecare Limited,64425068359.0,11-AUG-2025
BALUFORGE,Balu Forge Industries Limited,64227291635.0,29-APR-2024
SBCL,Shivalik Bimetal Controls Limited,64055870400.0,24-JUN-2021
GSFC,Gujarat State Fertilizers & Chemicals Limited,63907826261.4,06-SEP-1995
SPARC,Sun Pharma Advanced Research Company Limited,63897207965.8,18-JUL-2007
IONEXCHANG,ION Exchange (India) Limited,63865966615.5,22-FEB-2022
REDTAPE,Redtape Limited,63606042456.0,11-AUG-2023
TIMEX,Timex Group India Limited,63305745000.0,20-APR-2026
MOREPENLAB,Morepen Laboratories Limited,63168102420.7,24-NOV-1999
JKLAKSHMI,JK Lakshmi Cement Limited,62804665113.4,19-JUN-2006
STYL,Seshaasai Technologies Limited,62440868253.4,30-SEP-2025
SUNFLAG,Sunflag Iron And Steel Company Limited,62247797339.2,29-SEP-2005
CENTUM,Centum Electronics Limited,62141360966.4,05-OCT-2007
ABFRL,Aditya Birla Fashion and Retail Limited,62111759752.35,17-JUL-2013
RCF,Rashtriya Chemicals and Fertilizers Limited,62103529417.0,07-JAN-1998
LEAPIND,LEAP India Limited,62098019119.7,14-AUG-2026
SHAKTIPUMP,Shakti Pumps (India) Limited,62093855988.0,29-JAN-2015
IOLCP,IOL Chemicals and Pharmaceuticals Limited,62060521439.3,08-NOV-2010
JAIBALAJI,Jai Balaji Industries Limited,61604710482.9,09-DEC-2003
SMARTWORKS,Smartworks Coworking Spaces Limited,61193054801.8,17-JUL-2025
ARVINDFASN,Arvind Fashions Limited,60587929052.8,08-MAR-2019
GREENLAM,Greenlam Industries Limited,60314365275.8,02-MAR-2015
PRAJIND,Praj Industries Limited,60079307812.8,11-OCT-1995
VIKRAMSOLR,Vikram Solar Limited,60009509037.4,26-AUG-2025
NOVARTIND,Novartis India Limited,59954193275.4,20-APR-2026
SIS,SIS LIMITED,59763152212.5,10-AUG-2017
HCC,Hindustan Construction Company Limited,59750066494.2,01-APR-2003
ISGEC,Isgec Heavy Engineering Limited,59569932526.5,05-MAY-2021
FEDFINA,Fedbank Financial Services Limited,59502378381.6,30-NOV-2023
KUSUMGAR,Kusumgar Limited,59425116552.0,15-JUL-2026
ACI,Archean Chemical Industries Limited,59327931236.7,21-NOV-2022
GMMPFAUDLR,GMM Pfaudler Limited,59307569900.8,05-MAR-2018
LCL,Lohia Corp Limited,59296062500.0,30-JUL-2026
PICCADIL,Piccadily Agro Industries Limited,59192572472.0,02-JUL-2025
SSWL,Steel Strips Wheels Limited,58722606780.0,06-JUN-2005
PRSMJOHNSN,Prism Johnson Limited,57996745147.6,20-AUG-2003
IBULLSLTD,Indiabulls Limited,57877115236.2,18-AUG-2011
TRIVENI,Triveni Engineering & Industries Limited,57778118653.6,13-DEC-2005
SENCO,Senco Gold Limited,57327143285.1,14-JUL-2023
MARINE,Marine Electricals (India) Limited,57216272028.5,02-DEC-2020
ITDC,India Tourism Development Corporation Limited,57002343240.0,30-DEC-2016
JUSTDIAL,Just Dial Limited,56876540150.0,05-JUN-2013
RAYMOND,Raymond Limited,56843980214.35,18-OCT-1995
KPIGREEN,KPI Green Energy Limited,56830690800.0,27-JUL-2021
TVSSCS,TVS Supply Chain Solutions Limited,56793104875.7,23-AUG-2023
GOKEX,Gokaldas Exports Limited,56728442797.6,27-APR-2005
KRISHANA,Krishana Phoschem Limited,56726823000.0,22-AUG-2019
WHEELS,Wheels India Limited,56513556756.0,07-APR-2000
TRANSRAILL,Transrail Lighting Limited,56280125680.0,27-DEC-2024
KISSHT,OnEMI Technology Solutions Limited,56256481045.8,08-MAY-2026
FDC,FDC Limited,56226462509.4,07-AUG-1997
STYLAMIND,Stylam Industries Limited,56108247436.0,02-AUG-2021
NIRLON,Nirlon Limited,55877690702.0,20-APR-2026
JINDWORLD,Jindal Worldwide Limited,55784775280.0,25-NOV-2010
SHANTIGEAR,Shanthi Gears Limited,55653515558.85,17-JAN-1996
ARTEMISMED,Artemis Medicare Services Limited,55177642391.85,23-JAN-2020
KALPATARU,Kalpataru Limited,55061401728.2,01-JUL-2025
LUMAXIND,Lumax Industries Limited,54787057252.0,06-SEP-1995
LGBBROSLTD,LG Balakrishnan & Bros Limited,54708250406.4,30-MAR-2010
DBREALTY,Valor Estate Limited,54343733384.6,24-FEB-2010
SHARDAMOTR,Sharda Motor Industries Limited,54322041802.5,03-SEP-2015
JSFB,Jana Small Finance Bank Limited,54224303428.5,14-FEB-2024
CCAVENUE,AvenuesAI Limited,53579205888.0,04-APR-2016
MASFIN,MAS Financial Services Limited,53428946857.65,18-OCT-2017
CSBBANK,CSB Bank Limited,53364240385.2,04-DEC-2019
RPTECH,Rashi Peripherals Limited,53144784839.25,14-FEB-2024
GULFOILLUB,Gulf Oil Lubricants India Limited,53131499575.0,31-JUL-2014
QUESS,Quess Corp Limited,53037682379.9,12-JUL-2016
LATENTVIEW,Latent View Analytics Limited,52931409884.0,23-NOV-2021
RENUKA,Shree Renuka Sugars Limited,52829116165.85,31-OCT-2005
GUJALKALI,Gujarat Alkalies and Chemicals Limited,52788767687.5,07-AUG-1997
JAMNAAUTO,Jamna Auto Industries Limited,52715865691.1,10-DEC-2010
ELLEN,Ellenbarrie Industrial Gases Limited,52639446600.0,01-JUL-2025
FIEMIND,Fiem Industries Limited,52291900488.0,19-OCT-2006
VADILALIND,Vadilal Industries Limited,52158488395.0,15-JUN-2011
IFBIND,IFB Industries Limited,51993719027.2,29-MAR-1995
MANINFRA,Man Infraconstruction Limited,51935732533.3,11-MAR-2010
MSTCLTD,Mstc Limited,51923520000.0,29-MAR-2019
ASHAPURMIN,Ashapura Minechem Limited,51779921420.9,20-SEP-1995
GOODLUCK,Goodluck India Limited,51642671433.3,08-JAN-2015
ORCHPHARMA,Orchid Pharma Limited,51535682590.5,02-NOV-2020
MAPMYINDIA,C.E. Info Systems Limited,51469916534.4,21-DEC-2021
INDIGOPNTS,Indigo Paints Limited,51384828503.6,02-FEB-2021
BAJAJHIND,Bajaj Hindusthan Sugar Limited,51160253277.4,10-MAY-1995
SAATVIKGL,Saatvik Green Energy Limited,51102566858.2,26-SEP-2025
VRLLOG,VRL Logistics Limited,51027202712.0,30-APR-2015
THOMASCOOK,Thomas Cook  (India)  Limited,50965733892.7,07-JUN-2000
MOIL,MOIL Limited,50907930088.0,15-DEC-2010
CARERATING,CARE Ratings Limited,50873232959.0,26-DEC-2012
PURVA,Puravankara Limited,50787976753.75,30-AUG-2007
HAPPSTMNDS,Happiest Minds Technologies Limited,50616147176.4,17-SEP-2020
JUNIPER,Juniper Hotels Limited,50594817097.75,28-FEB-2024
WAKEFIT,Wakefit Innovations Limited,50508204043.1,15-DEC-2025
AGI,AGI Greenpac Limited,50337797287.05,31-MAY-2000
RAMRAT,Ram Ratna Wires Limited,50105114396.0,29-JUL-2022
DEEPINDS,Deep Industries Limited,50099200000.0,27-APR-2021
NRBBEARING,NRB Bearing Limited,50007215470.0,08-MAR-2000
NORTHARC,Northern Arc Capital Limited,49962465731.25,24-SEP-2024
MASTEK,Mastek Limited,49911259020.0,10-MAY-1995
UNIVCABLES,Universal Cables Limited,49804963213.2,17-MAY-1995
EPIGRAL,Epigral Limited,49603910432.4,18-AUG-2021
OPTIEMUS,Optiemus Infracom Limited,49457299839.95,08-AUG-2017
ELECTCAST,Electrosteel Castings Limited,49368221437.25,20-JUN-2003
GOLDIAM,Goldiam International Limited,49352625575.0,29-AUG-2005
PDSL,PDS Limited,49250150710.6,21-OCT-2014
DEEDEV,DEE Development Engineers Limited,49165210761.1,26-JUN-2024
BANSALWIRE,Bansal Wire Industries Limited,48751523452.8,10-JUL-2024
TEMPSENS,Tempsens Instruments (India) Limited,48731943278.3,28-AUG-2026
VISHNU,Vishnu Chemicals Limited,48722802559.2,05-MAR-2015
UFLEX,UFLEX Limited,48569445483.6,23-AUG-1995
CMRGREEN,CMR Green Technologies Limited,48290782550.05,10-JUN-2026
HEG,HEG Limited,48176840364.5,10-MAY-1995
TEXRAIL,Texmaco Rail & Engineering Limited,47916440644.45,03-MAR-2011
CRAMC,Canara Robeco Asset Management Company Limited,47870153591.4,16-OCT-2025
KDDL,KDDL Limited,47861418192.0,23-MAR-2016
SOTL,Savita Oil Technologies Limited,47793465296.5,28-JUN-1995
YASHO,Yasho Industries Limited,47746096200.0,21-AUG-2023
SHILCTECH,Shilchar Technologies Limited,47575215720.0,24-NOV-2025
LXCHEM,Laxmi Organic Industries Limited,47300609677.2,25-MAR-2021
ROLEXRINGS,Rolex Rings Limited,47154479728.0,09-AUG-2021
SURYAROSNI,Surya Roshni Limited,47020235330.8,10-MAY-1995
WSTCSTPAPR,West Coast Paper Mills Limited,46901329570.8,17-JAN-2001
PILANIINVS,Pilani Investment and Industries Corporation Limited,46899836550.0,08-DEC-2015
GUJTHEM,Gujarat Themis Biosyn Limited,46865960476.5,25-FEB-2025
FOSECOIND,Foseco India Limited,46685782246.0,05-MAY-2003
SUBROS,Subros Limited,46486995450.0,13-JUL-2005
MPSLTD,MPS Limited,46286627514.4,21-JAN-2002
DATAMATICS,Datamatics Global Services Limited,46129581295.05,07-MAY-2004
PERNIASPOP,Purple Style Labs Limited,46075154993.0,07-SEP-2026
RPGLIFE,RPG Life Sciences Limited,46023117040.5,10-JUN-2008
BOSCH-HCIL,BOSCH HOME COMFORT INDIA LIMITED,45949874871.6,03-JAN-2000
ICRA,ICRA Limited,45613647952.2,13-APR-2007
PNCINFRA,PNC Infratech Limited,45512613262.65,26-MAY-2015
PTC,PTC India Limited,45493518854.5,07-APR-2004
ROSSTECH,Rossell Techsys Limited,45484566735.0,09-DEC-2024
SPECTRUM,Spectrum Electrical Industries Limited,45233859824.0,28-MAR-2025
RESPONIND,Responsive Industries Limited,45200812549.75,29-OCT-2010
GREAVESCOT,Greaves Cotton Limited,45099397622.4,09-SEP-2004
SEAMECLTD,Seamec Limited,45075982500.0,28-JUN-1995
BANARISUG,Bannari Amman Sugars Limited,45022538880.0,28-MAY-2003
DECNGOLD,Deccan Gold Mines Limited,44702039384.2,20-APR-2026
HAWKINCOOK,Hawkins Cookers Limited,44459948520.0,20-APR-2026
SGFIN,SG Finserve Limited,44281440000.0,05-AUG-2025
RUSTOMJEE,Keystone Realtors Limited,44247264406.0,24-NOV-2022
DHANUKA,Dhanuka Agritech Limited,44163234022.8,29-JUN-2011
PITTIENG,Pitti Engineering Limited,44107412983.2,02-FEB-2007
GVPIL,GE Power India Limited,44000379769.5,19-APR-2000
AYE,Aye Finance Limited,43952277774.6,16-FEB-2026
INDIQUBE,Indiqube Spaces Limited,43578233645.05,30-JUL-2025
WPIL,WPIL Limited,43385369360.0,20-APR-2026
SWARAJENG,Swaraj Engines Limited,43144170615.0,06-DEC-1995
HIRECT,Hirect Limited,42927489287.1,26-DEC-2006
VIPIND,VIP Industries Limited,42835734161.3,02-MAR-2005
SHAREINDIA,Share India Securities Limited,42698039256.0,21-SEP-2020
SWSOLAR,Sterling and Wilson Renewable Energy Limited,42654568658.0,20-AUG-2019
SUNTECK,Sunteck Realty Limited,42554818845.0,13-NOV-2009
GUFICBIO,Gufic Biosciences Limited,42384401160.9,19-OCT-2004
AVANTEL,Avantel Limited,42266624909.5,31-JUL-2024
KSL,Kalyani Steels Limited,42264892692.0,19-MAY-2010
RAYMONDLSL,Raymond Lifestyle Limited,41894133481.85,05-SEP-2024
SYMPHONY,Symphony Limited,41680106230.0,15-JUN-2011
SHOPERSTOP,Shoppers Stop Limited,41577597852.3,23-MAY-2005
NETWORK18,Network18 Media & Investments Limited,41371860482.95,02-FEB-2007
EMUDHRA,eMudhra Limited,41231948915.3,01-JUN-2022
63MOONS,63 moons technologies limited,40841711269.95,20-JUN-2005
LASERPOWER,Laser Power & Infra Limited,40798058602.3,16-JUL-2026
SANATHAN,Sanathan Textiles Limited,40775600902.9,27-DEC-2024
HARSHA,Harsha Engineers International Limited,40714923756.0,26-SEP-2022
VENUSPIPES,Venus Pipes & Tubes Limited,40377770001.0,24-MAY-2022
UNIPARTS,Uniparts India Limited,40351172448.9,12-DEC-2022
MOSCHIP,Moschip Technologies Limited,40143141645.2,05-FEB-2025
KOLTEPATIL,Kolte - Patil Developers Limited,40008024408.1,13-DEC-2007
TVSSRICHAK,TVS Srichakra Limited,39988943625.0,13-FEB-2007
INDOSTAR,IndoStar Capital Finance Limited,39901379918.45,21-MAY-2018
AARTIDRUGS,Aarti Drugs Limited,39884990000.0,19-SEP-2003
MHRIL,Mahindra Holidays & Resorts India Limited,39718177798.65,16-JUL-2009
MAHLOG,Mahindra Logistics Limited,39698915448.3,10-NOV-2017
AHLUCONT,Ahluwalia Contracts (India) Limited,39676731788.0,14-DEC-2009
COCKERILL,John Cockerill India Limited,39546944317.0,20-APR-2026
ANTELOPUS,Antelopus Selan Energy Limited,39526006627.8,26-SEP-2006
RALLIS,Rallis India Limited,39488852803.4,01-APR-1999
GHCL,GHCL Limited,39127889178.5,31-JUL-2003
SMSPHARMA,SMS Pharmaceuticals Limited,39095039923.5,28-FEB-2007
SAMBHV,Sambhv Steel Tubes Limited,39046911056.8,02-JUL-2025
BAJAJELEC,Bajaj Electricals Limited,38973907729.75,02-NOV-2007
RML,Rane (Madras) Limited,38937962319.3,30-AUG-2005
RTNPOWER,RattanIndia Power Limited,38933267485.0,30-OCT-2009
TURTLEMINT,Turtlemint Fintech Solutions Limited,38824098967.05,29-JUN-2026
TATVA,Tatva Chintan Pharma Chem Limited,38812097656.0,29-JUL-2021
MIDWESTLTD,Midwest Limited,38529349448.0,24-OCT-2025
INDOTECH,Indo Tech Transformers Limited,38257488000.0,16-MAR-2006
RTNINDIA,RattanIndia Enterprises Limited,38150640739.2,30-JUL-2012
RAYMONDREL,Raymond Realty Limited,38083502818.55,01-JUL-2025
ZOTA,Zota Health Care LImited,38078529406.5,19-AUG-2019
TARC,TARC Limited,37937584827.6,18-DEC-2020
VSSL,Vardhman Special Steels Limited,37900785776.0,17-MAY-2012
SANDHAR,Sandhar Technologies Limited,37754621593.0,02-APR-2018
STYRENIX,Styrenix Performance Materials Limited,37684235812.5,29-MAR-1995
KIRLOSIND,Kirloskar Industries Limited,37589921769.6,24-JUN-2010
SANGHVIMOV,Sanghvi Movers Limited,37586970400.0,24-JAN-2007
UNICHEMLAB,Unichem Laboratories Limited,37505143025.0,07-FEB-2001
CMSINFO,CMS Info Systems Limited,37486321710.3,31-DEC-2021
WELSPLSOL,Welspun Specialty Solutions Limited,37384537726.9,20-APR-2026
NACLIND,NACL Industries Limited,37359468701.7,07-APR-2017
EIEL,Enviro Infra Engineers Limited,37150924500.0,29-NOV-2024
AURIONPRO,Aurionpro Solutions Limited,37088865793.6,25-OCT-2005
GREENPLY,Greenply Industries Limited,37058436751.5,06-MAR-1996
ORIENTELEC,Orient Electric Limited,37048854702.35,14-MAY-2018
REFEX,Refex Industries Limited,37042389987.6,03-DEC-2009
IDEAFORGE,Ideaforge Technology Limited,36938757089.65,07-JUL-2023
HERITGFOOD,Heritage Foods Limited,36937447800.0,27-NOV-1996
KSCL,Kaveri Seed Company Limited,36935824931.55,04-OCT-2007
ALOKINDS,Alok Industries Limited,36742778967.4,19-FEB-2020
SINDHUTRAD,Sindhu Trade Links Limited,36713324251.8,20-JUN-2023
JKIL,J.Kumar Infraprojects Limited,36576705600.4,12-FEB-2008
CAPILLARY,Capillary Technologies India Limited,36549164981.7,21-NOV-2025
NITINSPIN,Nitin Spinners Limited,36514890000.0,02-FEB-2006
KPL,Kwality Pharmaceuticals Limited,36437056896.8,20-APR-2026
VAIBHAVGBL,Vaibhav Global Limited,36141375065.1,05-APR-2004
TRUALT,TruAlt Bioenergy Limited,35986074813.15,03-OCT-2025
HEIDELBERG,HeidelbergCement India Limited,35983896689.65,15-MAR-1995
PREMEXPLN,Premier Explosives Limited,35861405124.75,17-JUN-2016
NPST,Network People Services Technologies Limited,35831842025.0,30-APR-2025
DIVGIITTS,Divgi Torqtransfer Systems Limited,35821782395.1,14-MAR-2023
SAMHI,Samhi Hotels Limited,35585984707.2,22-SEP-2023
POLYPLEX,Polyplex Corporation Limited,35325937488.6,11-APR-2003
VSTTILLERS,V.S.T Tillers Tractors Limited,35314484900.2,20-JUN-2011
JTLIND,JTL INDUSTRIES LIMITED,35220114048.0,12-JUN-2023
TCPLPACK,TCPL Packaging Limited,35090510000.0,17-OCT-2017
VSTIND,VST Industries Limited,35069526835.2,05-SEP-2003
ASHIANA,Ashiana Housing Limited,34972597750.3,29-JUN-2011
DALMIASUG,Dalmia Bharat Sugar and Industries Limited,34925309244.5,17-JAN-1996
POCL,Pondy Oxides & Chemicals Limited,34901089494.9,06-MAR-2023
KNRCON,KNR Constructions Limited,34783095328.0,18-FEB-2008
GRAUWEIL,Grauer & Weil India Limited,34676911520.0,20-APR-2026
AGIIL,Agi Infra Limited,34586777259.6,15-JUL-2024
HEMIPROP,Hemisphere Properties India Limited,34470750000.0,22-OCT-2020
ANUP,The Anup Engineering Limited,34442102640.4,01-MAR-2019
PACEDIGITK,Pace Digitek Limited,34320360993.0,06-OCT-2025
PSPPROJECT,PSP Projects Limited,34292131304.55,29-MAY-2017
KIRIINDUS,Kiri Industries Limited,34089380800.0,22-APR-2008
NFL,National Fertilizers Limited,34070669880.0,28-DEC-2006
ADVENZYMES,Advanced Enzyme Technologies Limited,33967965102.5,01-AUG-2016
PRABHA,Prabha Energy Limited,33895071365.0,19-MAR-2025
FILATEX,Filatex India Limited,33859451093.75,29-AUG-2011
DBCORP,D.B.Corp Limited,33809564965.95,06-JAN-2010
SOLARA,Solara Active Pharma Sciences Limited,33744192474.75,27-JUN-2018
CARYSIL,CARYSIL LIMITED,33519611171.0,14-JAN-2021
BHAGCHEM,Bhagiradha Chemicals & Industries Limited,33480556456.0,18-OCT-2021
TBZ,Tribhovandas Bhimji Zaveri Limited,33448723275.0,09-MAY-2012
MUTHOOTMF,Muthoot Microfin Limited,33438630478.9,26-DEC-2023
VINDHYATEL,Vindhya Telelinks Limited,33399287192.9,08-FEB-1995
LUXIND,Lux Industries Limited,33355508565.2,30-NOV-2015
JTEKTINDIA,Jtekt India Limited,33268209017.7,12-JAN-2004
PARAGMILK,Parag Milk Foods Limited,33267690376.9,19-MAY-2016
INDRAMEDCO,Indraprastha Medical Corporation Limited,33002280000.0,17-APR-1997
JASH,Jash Engineering Limited,32952365294.0,30-OCT-2019
WONDERLA,Wonderla Holidays Limited,32933747414.4,09-MAY-2014
MAYURUNIQ,Mayur Uniquoters Ltd,32874064530.0,25-SEP-2012
LUMINO,Lumino Industries Limited,32870481380.65,03-SEP-2026
INDSWFTLAB,Ind-Swift Laboratories Limited,32780800645.0,02-JUL-1997
STEELCAS,Steelcast Limited,32743260000.0,23-NOV-2021
WEBELSOLAR,Websol Energy System Limited,32731584003.3,15-MAY-2007
NOCIL,NOCIL Limited,32621639078.3,17-JAN-1996
GOPAL,Gopal Snacks Limited,32475706349.5,14-MAR-2024
BEPL,Bhansali Engineering Polymers Limited,32423768753.4,21-MAR-2005
OSWALPUMPS,Oswal Pumps Limited,32331788789.2,20-JUN-2025
ASHOKA,Ashoka Buildcon Limited,31870506826.0,14-OCT-2010
JUBLCPL,Jubilant Agri and Consumer Products Limited,31835387793.0,14-FEB-2025
HGINFRA,H.G. Infra Engineering Limited,31754623834.75,09-MAR-2018
ARSSBL,Anand Rathi Share and Stock Brokers Limited,31642353915.0,30-SEP-2025
ROUTE,ROUTE MOBILE LIMITED,31548793311.5,21-SEP-2020
BOROLTD,Borosil Limited,31544824777.6,22-JUL-2020
CRIZAC,Crizac Limited,31444355250.0,09-JUL-2025
SEIL,Shanti Educational Initiatives Limited,31398220000.0,20-APR-2026
CARRARO,Carraro India Limited,31379206399.1,30-DEC-2024
APCOTEXIND,Apcotex Industries Limited,31303986848.0,06-SEP-1995
RISHABH,Rishabh Instruments Limited,31267617995.25,11-SEP-2023
DPABHUSHAN,D. P. Abhushan Limited,31258270856.0,03-NOV-2020
GIPCL,Gujarat Industries Power Company Limited,31244969527.2,08-FEB-1995
MMFL,MM Forgings Limited,31098178560.0,20-DEC-2006
NILKAMAL,Nilkamal Limited,31000053435.0,01-NOV-1995
INDNIPPON,India Nippon Electricals Limited,30968729456.0,07-MAY-1997
PRINCEPIPE,Prince Pipes And Fittings Limited,30946046012.1,30-DEC-2019
NIITMTS,NIIT Learning Systems Limited,30926512955.5,08-AUG-2023
KKCL,Kewal Kiran Clothing Limited,30917355314.5,13-APR-2006
BUILDPRO,Shankara Buildpro Limited,30849992537.2,09-JAN-2026
FUSION,Fusion Finance Limited,30829902069.1,15-NOV-2022
RELTD,Ravindra Energy Limited,30791041572.3,30-JUL-2024
CMLL,Caliber Mining and Logistics Limited,30778919578.0,24-JUL-2026
MAITHANALL,Maithan Alloys Limited,30730152180.0,05-JUL-2011
WINDMACHIN,Windsor Machines Limited,30406203886.8,17-AUG-2011
TECHNVISN,TechNVision Ventures Limited,30170200000.0,20-APR-2026
ADFFOODS,ADF Foods Limited,30108118209.75,15-SEP-2010
IMAGICAA,Imagicaaworld Entertainment Limited,30103828980.4,06-APR-2015
HMT,HMT Limited,30080566993.4,29-AUG-2003
BALMLAWRIE,Balmer Lawrie & Company Limited,29768349511.7,06-JUL-1995
PANAMAPET,Panama Petrochem Limited,29741677456.7,30-SEP-2011
XPROINDIA,Xpro India Limited,29701763359.0,27-APR-2004
JINDALPOLY,Jindal Poly Films Limited,29656537524.9,21-JAN-2002
MARATHON,Marathon Nextgen Realty Limited,29563909421.0,29-SEP-2016
ELPROINTL,Elpro International Limited,29448693628.8,20-APR-2026
CONFIPET,Confidence Petroleum India Limited,29184053217.1,13-JUN-2019
STYLEBAAZA,Baazar Style Retail Limited,29022419449.35,06-SEP-2024
INTERARCH,Interarch Building Solutions Limited,29005242578.2,26-AUG-2024
SANGAMIND,Sangam (India) Limited,28994776870.95,17-JUL-1996
HIKAL,Hikal Limited,28948550085.0,14-FEB-2001
DREDGECORP,Dredging Corporation of India Limited,28859600000.0,15-JAN-2004
RSYSTEMS,R Systems International Limited,28798137748.75,26-APR-2006
NSIL,Nalwa Sons Investments Limited,28783057452.0,17-NOV-2003
BLSE,BLS E-Services Limited,28765163151.0,06-FEB-2024
KERNEX,Kernex Microsystems (India) Limited,28723740409.0,20-DEC-2005
SPORTKING,Sportking India Limited,28677763760.0,24-AUG-2022
SUNCLAY,Sundaram Clayton Limited,28554189022.4,29-DEC-2023
VIMTALABS,Vimta Labs Limited,28362806957.25,15-DEC-2005
ADOR,Ador Welding Limited,28251729871.0,10-MAY-1995
NAVNETEDUL,Navneet Education Limited,28246711081.9,08-FEB-1995
MANGLMCEM,Mangalam Cement Limited,28231475856.6,03-JAN-1996
GANECOS,Ganesha Ecosphere Limited,28098268822.4,09-MAR-2015
UFBL,United Foodbrands Limited,27862730972.95,07-APR-2021
CHEMPLASTS,Chemplast Sanmar Limited,27851001460.1,24-AUG-2021
EFCIL,EFC (I) Limited,27819796302.5,20-AUG-2025
STOVEKRAFT,Stove Kraft Limited,27811805006.05,05-FEB-2021
RPSGVENT,RPSG VENTURES LIMITED,27799200841.8,25-JAN-2019
RAMCOIND,Ramco Industries Limited,27750220498.0,06-NOV-1996
MONARCH,Monarch Networth Capital Limited,27430783207.65,06-JAN-2022
ARVSMART,Arvind SmartSpaces Limited,27384879811.95,26-AUG-2015
ALEMBICLTD,Alembic Limited,27347264682.0,22-SEP-1999
STALLION,Stallion India Fluorochemicals Limited,27194244749.6,23-JAN-2025
SASKEN,Sasken Technologies Limited,26995470849.6,09-SEP-2005
GATEWAY,Gateway Distriparks Limited,26805891801.4,22-MAR-2022
MUFIN,Mufin Green Finance Limited,26795491061.35,06-NOV-2023
DIAMONDYD,Prataap Snacks Limited,26674583921.2,05-OCT-2017
PATELENG,Patel Engineering Limited,26658853847.2,24-FEB-2005
EVEREADY,Eveready Industries India Limited,26618074612.0,27-APR-2005
GANDHAR,Gandhar Oil Refinery (India) Limited,26554716489.0,30-NOV-2023
DDEVPLSTIK,Ddev Plastiks Industries Limited,26490025984.0,15-JAN-2025
GLOBUSSPR,Globus Spirits Limited,26350405952.15,23-SEP-2009
UTKARSHBNK,Utkarsh Small Finance Bank Limited,26336950523.2,21-JUL-2023
DCAL,Dishman Carbogen Amcis Limited,26259600581.55,21-SEP-2017
TASTYBITE,Tasty Bite Eatables Limited,26175766000.0,23-MAR-2017
DOLPHIN,Dolphin Offshore Enterprises (India) Limited,26162995320.0,21-AUG-2023
RATNAVEER,Ratnaveer Precision Engineering Limited,26067524310.0,11-SEP-2023
HUBTOWN,Hubtown Limited,26035682375.55,07-FEB-2007
ASIANENE,Asian Energy Services Limited,25965796811.95,09-DEC-2021
GKENERGY,GK Energy Limited,25962638220.65,26-SEP-2025
TALBROAUTO,Talbros Automotive Components Limited,25938168630.0,29-SEP-2006
ORIENTCEM,Orient Cement Limited,25900271590.4,12-JUL-2013
SPAL,S. P. Apparels Limited,25885507825.1,12-AUG-2016
RAJRATAN,Rajratan Global Wire Limited,25875440150.0,22-MAY-2020
VINCOFE,Vintage Coffee And Beverages Limited,25776650204.35,18-OCT-2024
DRAGARWQ,Dr Agarwals Eye Hospital Limited,25642980062.0,20-APR-2026
HLEGLAS,HLE Glascoat Limited,25531562056.4,09-FEB-2023
EUROPRATIK,Euro Pratik Sales Limited,25320050000.0,23-SEP-2025
SUNDROP,Sundrop Brands Limited,25224849184.95,06-DEC-2002
BBL,Bharat Bijlee Limited,25219521344.0,21-NOV-2006
FLAIR,Flair Writing Industries Limited,25141013468.1,01-DEC-2023
APOLLOPIPE,Apollo Pipes Limited,25078846086.1,11-NOV-2019
KITEX,Kitex Garments Limited,25067175000.0,25-SEP-2012
AUTOAXLES,Automotive Axles Limited,25054143352.5,29-MAY-2003
VEEDOL,Veedol Corporation Limited,25050484800.0,16-JAN-2007
KLBRENG-B,Kilburn Engineering Limited,24974158409.2,20-APR-2026
ORIENTHOT,Oriental Hotels Limited,24969951355.8,27-AUG-1998
ROSSARI,Rossari Biotech Limited,24898531392.0,23-JUL-2020
SAKAR,Sakar Healthcare Limited,24859824443.0,11-APR-2019
HINDOILEXP,Hindustan Oil Exploration Company Limited,24826348338.0,23-SEP-2003
SIYSIL,Siyaram Silk Mills Limited,24817438136.0,29-JAN-2007
KABRAEXTRU,Kabra Extrusion Technik Limited,24745030111.8,06-SEP-1995
ZAGGLE,Zaggle Prepaid Ocean Services Limited,24730941788.85,22-SEP-2023
FMGOETZE,Federal-Mogul Goetze (India) Limited.,24675631261.5,08-FEB-1995
EXICOM,Exicom Tele-Systems Limited,24579567928.85,05-MAR-2024
SIRCA,Sirca Paints India Limited,24508932840.0,22-JUL-2019
ORISSAMINE,The Orissa Minerals Development Company Limited,24447000000.0,29-SEP-2010
RANEHOLDIN,Rane Holdings Limited,24340808783.2,24-SEP-1997
POKARNA,Pokarna Limited,24197071800.0,07-JUL-2016
FREDUN,Fredun Pharmaceuticals Limited,24165427884.0,17-AUG-2026
MEDIASSIST,Medi Assist Healthcare Services Limited,24132430058.1,23-JAN-2024
EPACKPEB,EPack Prefab Technologies Limited,24053313776.45,01-OCT-2025
VENKEYS,Venky's (India) Limited,24042854644.5,28-JUL-2003
JNKINDIA,JNK India Limited,23995836447.75,30-APR-2024
SATIN,Satin Creditcare Network Limited,23995398307.65,26-AUG-2015
PENIND,Pennar Industries Limited,23931364605.55,25-NOV-2010
THEJO,Thejo Engineering Limited,23836195419.6,10-OCT-2023
PARKHOTELS,Apeejay Surrendra Park Hotels Limited,23818967081.0,12-FEB-2024
PANACEABIO,Panacea Biotec Limited,23805102432.9,17-APR-1996
GNA,GNA Axles Limited,23781516660.0,26-SEP-2016
SHUKRAPHAR,Shukra Pharmaceuticals Limited,23725991326.8,14-AUG-2026
PIXTRANS,Pix Transmissions Limited,23548433160.0,28-APR-2022
INDOCO,Indoco Remedies Limited,23468191571.25,14-JAN-2005
RAJESHEXPO,Rajesh Exports Limited,23428877746.65,09-FEB-2000
AJMERA,Ajmera Realty & Infra India Limited,23367515481.0,16-JUN-2009
JGCHEM,J.G.Chemicals Limited,23315707485.0,13-MAR-2024
WINDLAS,Windlas Biotech Limited,23306557032.6,16-AUG-2021
RAMKY,Ramky Infrastructure Limited,23243537996.9,08-OCT-2010
BOMDYEING,Bombay Dyeing & Mfg Company Limited,23237241599.0,26-APR-1995
BETA,Beta Drugs Limited,23122911817.6,24-NOV-2025
COSMOFIRST,COSMO FIRST LIMITED,23116822082.55,25-MAY-1995
SAIPARENT,Sai Parenterals Limited,23085857159.05,02-APR-2026
EASEMYTRIP,Easy Trip Planners Limited,23071134298.35,19-MAR-2021
SOMANYCERA,Somany Ceramics Limited,22954867518.2,22-NOV-1995
RAMCOSYS,Ramco Systems Limited,22948776966.8,12-APR-2000
NITCO,Nitco Limited,22904348679.15,21-MAR-2006
SBC,SBC Exports Limited,22880929500.0,23-NOV-2021
KNACK,Knack Packaging Limited,22877391061.45,08-JUL-2026
ARKADE,Arkade Developers Limited,22825485074.0,24-SEP-2024
MVELECTRO,MV Electrosystems Limited,22793355107.6,06-AUG-2026
MOLDTKPAC,Mold-Tek Packaging Limited,22702542002.55,23-FEB-2015
FISCHER,Fischer Medical Ventures Limited,22633189903.0,10-JUL-2025
ADVAIT,Advait Energy Transitions Limited,22516339433.6,20-JAN-2026
KMCSHIL,K M C Speciality Hospitals (India) Limited,22416033250.0,17-AUG-2026
OMAXE,Omaxe Limited,22390684106.8,09-AUG-2007
RELINFRA,Reliance Infrastructure Limited,22372557871.5,08-FEB-1995
VERANDA,Veranda Learning Solutions Limited,22202890319.75,11-APR-2022
KICL,Kalyani Investment Company Limited,22191033051.0,14-JAN-2011
GEOJITFSL,Geojit Financial Services Limited,22181834796.95,01-JUL-2005
PRAKASH,Prakash Industries Limited,22166750031.4,10-MAY-1995
REPCOHOME,Repco Home Finance Limited,22134209875.6,01-APR-2013
DYCL,Dynamic Cables Limited,22031719766.7,27-JUL-2022
GSPCROP,GSP Crop Science Limited,21945220312.5,24-MAR-2026
GAJA,Gaja Alternative Asset Management Limited,21903119025.9,26-AUG-2026
MAHASTEEL,Mahamaya Steel Industries Limited,21884047040.0,01-JUL-2016
EMSLIMITED,EMS Limited,21734757859.8,21-SEP-2023
SIKA,Sika Interplant Systems Limited,21727716743.75,20-APR-2026
VENUSREM,Venus Remedies Limited,21710661909.6,20-DEC-2006
INDORAMA,Indo Rama Synthetics (India) Limited,21654113612.45,20-JUN-2003
MARSONS,Marsons Limited,21577898000.0,13-MAR-2026
JAYKAY,Jaykay Enterprises Limited,21509091725.95,03-DEC-2025
SANSTAR,Sanstar Limited,21504821543.65,26-JUL-2024
PARACABLES,Paramount Communications Limited,21496360981.35,03-JAN-2007
TAJGVK,Taj GVK Hotels & Resorts Limited,21481532187.0,20-DEC-2000
JISLJALEQS,Jain Irrigation Systems Limited,21452591929.8,13-AUG-2001
GOCLCORP,GOCL Corporation Limited,21425230178.0,26-JUN-2014
AEROPLANE,Amir Chand Jagdish Kumar (Exports) Limited,21424816936.4,02-APR-2026
ARMANFIN,Arman Financial Services Limited,21413310776.5,14-JUN-2016
BRIGHOTEL,Brigade Hotel Ventures Limited,21407926963.4,31-JUL-2025
NELCO,NELCO Limited,21393390920.0,28-MAY-2003
ELCIDIN,EL CID Investments Limited,21280000000.0,20-APR-2026
BODALCHEM,Bodal Chemicals Limited,20920568637.15,22-AUG-2011
KCP,KCP Limited,20912301363.6,09-APR-1997
SHRINGARMS,Shringar House of Mangalsutra Limited,20905510623.2,17-SEP-2025
GMBREW,GM Breweries Limited,20847817237.5,23-AUG-1995
ESAFSFB,ESAF Small Finance Bank Limited,20839293000.05,10-NOV-2023
INDIAGLYCO,India Glycols Limited,20805107856.0,01-JUL-2005
BNAGROCHEM,BN Agrochem Limited,20727863492.0,20-APR-2026
MUKANDLTD,Mukand Limited,20600732416.9,23-FEB-2004
TCIEXP,TCI Express Limited,20569527246.0,15-DEC-2016
BLUSPRING,Bluspring Enterprises Limited,20540662701.0,11-JUN-2025
BAJEL,Bajel Projects Limited,20526950207.7,19-DEC-2023
BFUTILITIE,BF Utilities Limited,20508140064.6,03-MAY-2007
INA,Insolation Energy Limited,20496700125.0,09-MAR-2026
BCG,Brightcom Group Limited,20381010917.3,08-MAY-2015
SIMPLEXINF,Simplex Infrastructures Limited,20228634739.5,09-MAR-2004
RHETAN,Rhetan TMT Limited,20137031250.0,26-SEP-2025
CANTABIL,Cantabil Retail India Limited,20078147882.4,12-OCT-2010
LANDMARK,Landmark Cars Limited,20073162931.0,23-DEC-2022
GENESYS,Genesys International Corporation Limited,20037315581.0,23-JAN-2003
PROTEAN,Protean eGov Technologies Limited,20013894200.25,06-FEB-2025
HONDAPOWER,Honda India Power Products Limited,19976778334.5,01-APR-2003
CAMLINFINE,Camlin Fine Sciences Limited,19895446208.4,20-JAN-2015
SHK,S H Kelkar and Company Limited,19874458607.6,16-NOV-2015
HUHTAMAKI,Huhtamaki India Limited,19790522804.7,01-OCT-2004
SHANTIGOLD,Shanti Gold International Limited,19744298493.6,01-AUG-2025
TIL,TIL Limited,19721706828.5,27-SEP-1995
SAGCEM,Sagar Cements Limited,19650572766.3,29-JAN-2007
GREENPANEL,Greenpanel Industries Limited,19619156926.05,23-OCT-2019
MSPL,MSP Steel & Power Limited,19497804588.0,18-JUL-2005
SAKSOFT,Saksoft Limited,19467802087.5,09-MAY-2005
BHARATRAS,Bharat Rasayan Limited,19416736310.4,11-OCT-1995
NIBE,NIBE Limited,19396760608.6,07-FEB-2025
HESTERBIO,Hester Biosciences Limited,19387145335.0,13-MAR-2015
INDIANHUME,Indian Hume Pipe Company Limited,19334209590.0,30-AUG-1995
SILVERTUC,Silver Touch Technologies Limited,19275120000.0,12-MAY-2022
VIDYAWIRES,Vidya Wires Limited,19186973014.45,10-DEC-2025
TEAMLEASE,Teamlease Services Limited,19161347460.0,12-FEB-2016
GRANDOAK,Grand Oak Canyons Distillery Limited,19136425324.0,20-APR-2026
HPL,HPL Electric & Power Limited,19020083758.8,04-OCT-2016
TIRUMALCHM,Thirumalai Chemicals Limited,18989472960.5,14-MAY-2003
JINDRILL,Jindal Drilling And Industries Limited,18959438236.8,22-DEC-2006
DEEPA,Deepa Jewellers Limited,18844206399.7,08-SEP-2026
RACLGEAR,RACL Geartech Limited,18721828656.0,27-NOV-2024
MACPOWER,Macpower CNC Machines Limited,18711780864.0,19-AUG-2020
BLEL,Behari Lal Engineering Limited,18680776051.2,19-AUG-2026
DCXINDIA,DCX Systems Limited,18663909708.1,11-NOV-2022
TINNARUBR,Tinna Rubber and Infrastructure Limited,18531007650.2,17-APR-2025
NUCLEUS,Nucleus Software Exports Limited,18455355771.3,19-DEC-2002
ASHIKAG,Ashika Global Securities Limited,18395380572.3,20-APR-2026
ALLCARGO,Allcargo Logistics Limited,18362764029.95,23-JUN-2006
KRSNAA,Krsnaa Diagnostics Limited,18308386476.8,16-AUG-2021
MOTISONS,Motisons Jewellers Limited,18211480666.0,26-DEC-2023
GRMOVER,GRM Overseas Limited,18126730800.0,07-SEP-2022
EPACK,EPACK Durable Limited,18104425662.8,30-JAN-2024
SYNCOMF,Syncom Formulations (India) Limited,18104400000.0,18-NOV-2022
PAUSHAKLTD,Paushak Limited,18099406253.6,01-DEC-2025
LAOPALA,La Opala RG Limited,18026400000.0,16-MAR-2007
HATHWAY,Hathway Cable & Datacom Limited,18001962765.0,25-FEB-2010
BLUECLOUDS,Blue Cloud Softech Solutions Limited,18000091200.0,17-AUG-2026
ALGOQUANT,Algoquant Fintech Limited,17973280030.3,06-JAN-2026
SMCGLOBAL,SMC Global Securities Limited,17933016000.0,24-FEB-2021
SCILAL,Shipping Corporation of India Land and Assets Limited,17914629924.6,19-MAR-2024
IKIO,IKIO Technologies Limited,17908256842.75,16-JUN-2023
YATRA,Yatra Online Limited,17885307678.15,28-SEP-2023
AWFIS,Awfis Space Solutions Limited,17862171225.6,30-MAY-2024
HGS,Hinduja Global Solutions Limited,17856811397.25,19-JUN-2007
INSECTICID,Insecticides (India) Limited,17822425162.5,30-MAY-2007
KAPSTON,Kapston Services Limited,17801305445.85,27-MAY-2020
EIHAHOTELS,EIH Associated Hotels Limited,17765976515.7,08-APR-2008
OAL,Oriental Aromatics Limited,17658031327.2,11-JUL-2019
PFS,PTC India Financial Services Limited,17643523212.45,30-MAR-2011
RICOAUTO,Rico Auto Industries Limited,17628988350.0,12-MAY-2003
BGRENERGY,BGR Energy Systems Limited,17551134623.2,03-JAN-2008
SERVOTECH,Servotech Renewable Power System Limited,17530115911.75,02-SEP-2021
QUADFUTURE,Quadrant Future Tek Limited,17432000000.0,14-JAN-2025
TECHNOCRAF,Technocraft Ventures Limited,17402964280.0,14-AUG-2026
WENDT,Wendt (India) Limited,17339000000.0,07-AUG-2006
INDOKEM,Indokem Limited,17303267814.75,17-AUG-2026
DISAQ,Disa India Limited,17230875045.0,20-APR-2026
PVP,PVP Ventures Limited,17212683314.1,03-APR-1996
GOCOLORS,Go Fashion (India) Limited,17199160954.8,30-NOV-2021
AYMSYNTEX,AYM Syntex Limited,17179790072.1,14-AUG-2015
SURAKSHA,Suraksha Diagnostic Limited,17074676510.3,06-DEC-2024
IGPL,IG Petrochemicals Limited,17044949475.0,29-JAN-2007
STLNETWORK,STL Networks Limited,17014346790.0,04-SEP-2025
JAICORPLTD,Jai Corp Limited,16995903715.8,26-NOV-1997
ONIXSOLAR,Onix Solar Energy Limited,16937125204.4,17-AUG-2026
VOEPL,Virtuoso Optoelectronics Limited,16930423066.15,01-JUL-2026
VIDHIING,Vidhi Specialty Food Ingredients Limited,16926360500.0,02-MAR-2016
MENONBE,Menon Bearings Limited,16904466000.0,09-MAR-2015
TARSONS,Tarsons Products Limited,16900975159.65,26-NOV-2021
BFINVEST,BF Investment Limited,16897697920.8,14-JAN-2011
NGLFINE,NGL Fine-Chem Limited,16839440016.8,08-JUL-2022
AURUM,Aurum PropTech Limited,16826534639.45,19-AUG-2015
DIFFNKG,Diffusion Engineers Limited,16824974733.45,04-OCT-2024
RGL,Renaissance Global Limited,16795605698.9,12-DEC-2007
GOODYEAR,Goodyear India Limited,16716297622.9,20-APR-2026
MODISONLTD,MODISON LIMITED,16705260000.0,03-MAY-2021
NDRAUTO,Ndr Auto Components Limited,16703229734.0,30-JUL-2020
ACCELYA,Accelya Solutions India Limited,16689052424.1,01-DEC-1999
GARUDA,Garuda Construction and Engineering Limited,16681453923.2,15-OCT-2024
CAPACITE,Capacit'e Infraprojects Limited,16603543438.75,25-SEP-2017
ARDEE,Ardee Industries Limited,16585873989.0,12-AUG-2026
SPANDANA,Spandana Sphoorty Financial Limited,16554915282.5,19-AUG-2019
STUDDS,Studds Accessories Limited,16465462560.0,07-NOV-2025
KOTIC,Kothari Industrial Corporation Limited,16333972295.35,20-APR-2026
CNL,Creative Newtech Limited,16312614052.5,05-AUG-2019
ASIANHOTNR,Asian Hotels (North) Limited,16292288462.35,07-APR-2010
TAALTECH,Taal Tech Limited,16200927155.4,20-APR-2026
SKYWAYS,Skyways Air Services Limited,16160748657.35,01-SEP-2026
SURYODAY,Suryoday Small Finance Bank Limited,16056140813.45,26-MAR-2021
TTKHLTCARE,TTK Healthcare Limited,16029449755.2,02-DEC-2015
PNGSREVA,PNGS Reva Diamond Jewellery Limited,15998182480.0,04-MAR-2026
KRISHNADEF,Krishna Defence And Allied Industries Limited,15978725160.0,30-DEC-2025
ASTEC,Astec LifeSciences Limited,15950042556.0,25-NOV-2009
MOL,Meghmani Organics Limited,15907353898.05,18-AUG-2021
AVADHSUGAR,Avadh Sugar & Energy Limited,15903633769.0,28-JUL-2017
SHREEPUSHK,Shree Pushkar Chemicals & Fertilisers Limited,15897208895.6,10-SEP-2015
SUNSHINE,Sunshine Pictures Limited,15876535204.8,25-AUG-2026
BLIL,Balmer Lawrie Investments Limited,15853289519.8,20-APR-2026
MTNL,Mahanagar Telephone Nigam Limited,15813000000.0,17-FEB-1999
SHALBY,Shalby Limited,15765106029.2,15-DEC-2017
HITECH,Hi-Tech Pipes Limited,15720538611.6,07-MAY-2018
MMWL,Media Matrix Worldwide Limited,15711134577.55,20-APR-2026
SUMMITSEC,Summit Securities Limited,15683302146.6,28-JAN-2011
IPL,India Pesticides Limited,15632294575.9,05-JUL-2021
RSL,Rajputana Stainless Limited,15602081748.6,19-MAR-2026
5PAISA,5Paisa Capital Limited,15588350452.5,16-NOV-2017
SESHAPAPER,Seshasayee Paper and Boards Limited,15575307854.4,29-MAR-1995
STEELXIND,STEEL EXCHANGE INDIA LIMITED,15523059074.05,20-JUL-2017
INDOBORAX,Indo Borax & Chemicals Limited,15513910500.0,29-MAR-2022
DOLLAR,Dollar Industries Limited,15415441416.0,21-APR-2017
DLINKINDIA,D-Link (India) Limited,15402003930.0,18-DEC-2009
JAGSNPHARM,Jagsonpal Pharmaceuticals Limited,15339006155.3,01-MAR-2000
MOBIKWIK,One Mobikwik Systems Limited,15327207406.15,18-DEC-2024
IFGLEXPOR,IFGL Refractories Limited,15319590744.95,14-NOV-2017
MCLOUD,Magellanic Cloud Limited,15309854448.8,07-FEB-2025
AEROENTER,Aeroflex Enterprises Limited,15267605850.0,21-NOV-2022
AGL,Allcargo Global Limited,15242950308.95,03-JUL-2026
HINDWAREAP,Hindware Home Innovation Limited,15196033676.2,26-DEC-2019
KPEL,K.P. Energy Limited,15195587928.85,14-NOV-2024
ONEPOINT,One Point One Solutions Limited,15181969446.25,09-MAY-2019
INFOBEAN,InfoBeans Technologies Limited,15048105088.0,15-JUL-2019
CLSEL,Chaman Lal Setia Exports Limited,15044486331.0,12-MAY-2021
NITTAGELA,Nitta Gelatin India Limited,15020562304.0,20-APR-2026
VHLTD,Viceroy Hotels Limited,15000209514.7,03-APR-2024
KROSS,Kross Limited,14936511569.9,16-SEP-2024
XTRANET,Xtranet Technologies Limited,14932273063.0,30-JUL-2026
MIIL,Meghna Infracon Infrastructure Limited,14928561000.0,17-AUG-2026
RUBYMILLS,The Ruby Mills Limited,14910896000.0,29-MAR-1995
VIKRAN,Vikran Engineering Limited,14865991538.65,03-SEP-2025
ARFIN,Arfin India Limited,14859388989.75,22-JUL-2025
GTLINFRA,GTL Infrastructure Limited,14858569798.2,09-NOV-2006
GCSL,Gretex Corporate Services Limited,14853165920.8,04-SEP-2025
MANALIPETC,Manali Petrochemicals Limited,14838373485.85,06-DEC-2006
FRONTSP,Frontier Springs Limited,14828493915.0,20-APR-2026
MBEL,M & B Engineering Limited,14821389560.25,06-AUG-2025
YUKEN,Yuken India Limited,14748148800.0,02-SEP-2021
TEXINFRA,Texmaco Infrastructure & Holdings Limited,14553390843.9,09-SEP-2004
DELTACORP,Delta Corp Limited,14550681411.0,02-NOV-2007
SPMLINFRA,SPML Infra Limited,14517498967.0,14-FEB-1996
BIL,Bhartiya International Limited,14506041578.7,12-APR-2000
SHANKESH,Shankesh Jewellers Limited,14469362042.2,25-AUG-2026
PNBGILTS,PNB Gilts Limited,14465614368.25,18-SEP-2000
ANDHRAPAP,ANDHRA PAPER LIMITED,14432547153.1,13-MAY-2004
SIGACHI,Sigachi Industries Limited,14352314895.6,15-NOV-2021
CEINSYS,Ceinsys Tech Limited,14342297785.0,19-FEB-2026
GPTINFRA,GPT Infraprojects Limited,14338591162.0,11-JUL-2016
UDS,Updater Services Limited,14332680300.85,04-OCT-2023
SIGNPOST,Signpost India Limited,14313910000.0,14-FEB-2024
AMRUTANJAN,Amrutanjan Health Care Limited,14260168247.5,02-JAN-2015
FERMENTA,Fermenta Biotech Limited,14234296862.55,04-AUG-2026
GYFTR,Gyftr Limited,14234104890.0,10-JUL-2026
WALCHANNAG,Walchandnagar Industries Limited,14173563175.2,18-SEP-1996
NAVKARCORP,Navkar Corporation Limited,14126225136.85,09-SEP-2015
RIR,RIR Power Electronics Limited,14114552312.0,16-JUL-2026
SPIC,Southern Petrochemicals Industries Corporation  Limited,14112275284.8,10-JAN-1996
IMPAL,India Motor Parts and Accessories Limited,14073696000.0,07-OCT-2005
ASALCBR,Associated Alcohols & Breweries Ltd.,14020301400.0,12-FEB-2020
BENARAS,Benares Hotels Limited,13956800000.0,17-AUG-2026
DCW,DCW Limited,13889995100.0,25-MAY-1995
GNRL,Gujarat Natural Resources Limited,13832815545.35,20-APR-2026
BHAGYANGR,Bhagyanagar India Limited,13828239000.0,17-MAY-2017
SDBL,Som Distilleries & Breweries Limited,13818830175.85,18-MAR-2014
AVTNPL,AVT Natural Products Limited,13796930400.0,10-JAN-2007
PANORAMA,Panorama Studios International Limited,13787545275.0,17-AUG-2026
INVPRECQ,Investment & Precision Castings Limited,13783000000.0,20-APR-2026
ALLTIME,All Time Plastics Limited,13767114624.5,14-AUG-2025
EXPLEOSOL,Expleo Solutions Limited,13716345328.2,26-OCT-2009
GKSL,Gujarat Kidney And Super Speciality Limited,13657227765.0,30-DEC-2025
BHARATSE,Bharat Seats Limited,13632624000.0,24-MAR-2025
JAGRAN,Jagran Prakashan Limited,13496741406.7,22-FEB-2006
IZMO,IZMO Limited,13469310915.2,05-FEB-2007
PUNJABCHEM,Punjab Chemicals & Crop Protection Limited,13387853583.0,08-MAR-2007
GALAPREC,Gala Precision Engineering Limited,13283856900.0,09-SEP-2024
GPTHEALTH,GPT Healthcare Limited,13234622401.65,29-FEB-2024
BHAGERIA,Bhageria Industries Limited,13228550958.0,02-MAR-2016
EIMCOELECO,Eimco Elecon (India) Limited,13217677389.0,17-APR-1996
DIGITIDE,Digitide Solutions Limited,13163502041.95,11-JUN-2025
MANAKCOAT,Manaksia Coated Metals & Industries Limited,13162580798.5,30-MAR-2015
NINSYS,NINtec Systems Limited,13160167200.0,21-FEB-2023
DSSL,Dynacons Systems & Solutions Limited,13147213976.0,01-DEC-2011
ANDREWYU,Andrew Yule & Company Limited,13089217681.05,17-AUG-2026
ANDHRSUGAR,The Andhra Sugars Limited,13079165135.0,01-NOV-1995
SKMEGGPROD,SKM Egg Products Export (India) Limited,13054414000.0,14-MAR-1997
UGROCAP,Ugro Capital Limited,12915329823.9,11-AUG-2021
DEN,Den Networks Limited,12908905007.25,24-NOV-2009
NIITLTD,NIIT Limited,12857752560.65,16-AUG-2004
IGARASHI,Igarashi Motors India Limited,12851262098.4,09-OCT-2003
KALAMANDIR,Sai Silks (Kalamandir) Limited,12827541607.7,27-SEP-2023
TCC,TCC Concept Limited,12742273154.1,25-FEB-2026
JAYBARMARU,Jay Bharat Maruti Limited,12722622500.0,03-JAN-1996
LINCOLN,Lincoln Pharmaceuticals Limited,12706859443.2,17-DEC-2015
GHCLTEXTIL,GHCL Textiles Limited,12668940076.45,12-JUN-2023
PASHUPATI,Pashupati Cotspin Limited,12665081600.0,17-JUL-2025
ULTRAMAR,Ultramarine & Pigments Limited,12653820000.0,20-APR-2026
BLKASHYAP,B. L. Kashyap and Sons Limited,12523192000.0,17-MAR-2006
ATULAUTO,Atul Auto Limited,12478363052.0,26-JUN-2013
EXCELINDUS,Excel Industries Limited,12477668879.2,16-JUN-2004
ELITECON,Elitecon International Limited,12468300000.0,20-APR-2026
CENTENKA,Century Enka Limited,12435170199.9,10-MAY-1995
SHRIRAMPPS,Shriram Properties Limited,12392921947.05,20-DEC-2021
3BBLACKBIO,3B Blackbio Dx Limited,12387367611.0,20-APR-2026
IVALUE,Ivalue Infosolutions Limited,12380336715.6,25-SEP-2025
CAPITALSFB,Capital Small Finance Bank Limited,12364205857.75,14-FEB-2024
DOLATALGO,Dolat Algotech Limited,12279520000.0,12-JAN-2024
ZSARACOM,Saraswati Commercial India Limited,12263434320.0,20-APR-2026
ROTO,Roto Pumps Limited,12262159096.2,21-APR-2022
RAMBHAJO,Advit Jewels Limited,12254633100.0,01-JUL-2026
ALLDIGI,Alldigi Tech Limited,12231804280.2,09-MAY-2005
SOLARWORLD,Solarworld Energy Solutions Limited,12219110760.9,30-SEP-2025
ONIDA,Onida Electronics Limited,12182560164.7,24-MAY-2004
THEMISMED,Themis Medicare Limited,12163662848.4,02-APR-2007
ALICON,Alicon Castalloy Limited,12154608704.0,29-SEP-2006
PLATIND,Platinum Industries Limited,12140593927.9,05-MAR-2024
DHANBANK,Dhanlaxmi Bank Limited,12129095691.25,01-APR-2004
GODAVARIB,Godavari Biorefineries Limited,12068318896.15,30-OCT-2024
COMSYN,Commercial Syn Bags Limited,12061420800.0,23-JAN-2024
ELECTHERM,Electrotherm (India) Limited,12016473602.0,20-AUG-2007
TNPETRO,Tamilnadu PetroProducts Limited,11978802048.35,27-OCT-1999
ARROWGREEN,Arrow Greentech Limited,11945120514.6,21-MAY-2015
JYOTISTRUC,Jyoti Structures Limited,11912726171.25,19-JUL-1995
BHARATWIRE,Bharat Wire Ropes Limited,11878861033.6,01-APR-2016
IRISDOREME,Iris Clothings Limited,11855747266.3,22-FEB-2021
FAZE3Q,Faze Three Limited,11828761600.0,18-NOV-2022
RAJRILTD,Raj Rayon Industries Limited,11783388069.05,16-MAR-2022
MWL,Mangalam Worldwide Limited,11749586634.4,18-SEP-2025
APEX,Apex Frozen Foods Limited,11709375000.0,04-SEP-2017
ASIANTILES,Asian Granito India Limited,11686027993.1,23-AUG-2007
SULA,Sula Vineyards Limited,11677362826.1,22-DEC-2022
FINOPB,Fino Payments Bank Limited,11646415359.9,12-NOV-2021
SUNRAKSHAK,Sunrakshakk Industries India Limited,11644584962.5,17-AUG-2026
IRMENERGY,IRM Energy Limited,11548034156.25,26-OCT-2023
MONTECARLO,Monte Carlo Fashions Limited,11528064187.2,19-DEC-2014
GAYAPROJ,Gayatri Projects Limited,11514615200.0,22-AUG-2011
TGVSL,TGV Sraac Limited,11506799010.0,17-AUG-2026
EKC,Everest Kanto Cylinder Limited,11488944560.0,15-DEC-2005
ICEMAKE,Ice Make Refrigeration Limited,11486069106.5,12-OCT-2020
KOPRAN,Kopran Limited,11387182067.8,09-JUN-1999
MMP,MMP Industries Limited,11375290101.4,09-JAN-2020
MASTERTR,Master Trust Limited,11360527600.0,12-NOV-2024
BIRLACABLE,Birla Cable Limited,11239500000.0,06-DEC-1995
AKCAPIT,AK Capital Services Limited,11236500000.0,20-APR-2026
BAJAJHCARE,Bajaj Healthcare Limited,11219764911.3,25-NOV-2021
PRECAM,Precision Camshafts Limited,11213077821.75,08-FEB-2016
HARIOMPIPE,Hariom Pipe Industries Limited,11203965160.2,13-APR-2022
BALAJITELE,Balaji Telefilms Limited,11191849336.7,22-NOV-2000
RUPA,Rupa & Company Limited,11169224452.0,07-DEC-2011
BOROSCI,Borosil Scientific Limited,11144175894.5,07-JUN-2024
LAXMIDENTL,Laxmi Dental Limited,11133132901.45,20-JAN-2025
SUBEXLTD,Subex Limited,11105177995.6,05-NOV-2020
SALSTEEL,S.A.L. Steel Limited,11093472221.0,24-NOV-2004
KAMDHENU,Kamdhenu Limited,11055451260.0,09-MAY-2006
UNITECH,Unitech Limited,11040790418.35,08-SEP-1999
GULPOLY,Gulshan Polyols Limited,11019635134.5,28-JAN-2015
GREENPOWER,Orient Green Power Company Limited,10979493370.55,08-OCT-2010
VHL,Vardhman Holdings Limited,10961850944.0,30-JUN-2005
GANDHITUBE,Gandhi Special Tubes Limited,10928293600.0,31-JAN-2007
MUNJALAU,Munjal Auto Industries Limited,10917000000.0,19-JUL-2006
BUTTERFLY,Butterfly Gandhimathi Appliances Limited,10912783952.85,28-APR-2014
HITECHGEAR,The Hi-Tech Gears Limited,10901509809.15,21-JAN-2002
STEL,Stel Holdings Limited,10892380031.0,09-FEB-2011
SUNSHIEL,Sunshield Chemicals Limited,10832599501.2,17-AUG-2026
BIRLANU,BirlaNu Limited,10818173705.4,26-APR-1995
RIIL,Reliance Industrial Infrastructure Limited,10794235000.0,29-NOV-1995
ORIENTTECH,Orient Technologies Limited,10780880389.75,28-AUG-2024
UTTAMSUGAR,Uttam Sugar Mills Limited,10770205088.0,10-APR-2006
WAAREEINDO,Indosolar Limited,10744153200.75,29-SEP-2010
BPLPHARMA,Bharat Parenterals Limited,10741813531.8,17-AUG-2026
DHAMPURSUG,Dhampur Sugar Mills Limited,10696101641.95,29-MAR-1995
ACGL,Automobile Corporation of Goa Limited,10683096161.2,17-AUG-2026
ONEGLOBAL,One Global Service Provider Limited,10670479638.0,17-AUG-2026
CENTRUM,Centrum Capital Limited,10666427640.55,04-APR-2018
TNPL,Tamil Nadu Newsprint & Papers Limited,10660508718.0,14-FEB-1996
GRPLTD,GRP Limited,10626664010.0,12-FEB-2015
TEMBO,Tembo Global Industries Limited,10593017097.6,23-APR-2021
AWHCL,Antony Waste Handling Cell Limited,10590780615.0,01-JAN-2021
MATRIMONY,Matrimony.Com Limited,10555834465.8,21-SEP-2017
JYOTIRES,Jyoti Resins & Adhesives Limited,10510800000.0,17-AUG-2026
MBECL,Mcnally Bharat Engineering Company Limited,10489000209.8,06-OCT-2006
KRISHIVAL,Krishival Foods Limited,10481864733.4,20-JUN-2025
JPOLYINVST,Jindal Poly Investment and Finance Company Limited,10477239634.3,11-NOV-2013
VALIANTORG,Valiant Organics Limited,10422922795.05,23-JUL-2021
INDPRUD,Industrial & Prudential Investment Company Limited,10409480160.0,20-APR-2026
ARIS,Arisinfra Solutions Limited,10382043017.1,25-JUN-2025
BCLIND,Bcl Industries Limited,10366136500.8,04-MAR-2021
JINDALPHOT,Jindal Photo Limited,10274739321.6,07-APR-2005
SRM,SRM Contractors Limited,10272118340.0,03-APR-2024
SEKURITIND,Saint Gobain Sekurit India Limited,10243013851.0,17-AUG-2026
AFSL,Abans Financial Services Limited,10223074906.8,23-DEC-2022
SHREDIGCEM,Shree Digvijay Cement Co.Ltd,10216288417.0,28-JAN-2020
MVGJL,Manoj Vaibhav Gems N Jewellers Limited,10198368732.0,03-OCT-2023
CREST,Crest Ventures Limited,10167949585.0,27-DEC-2006
JARO,Jaro Institute of Technology Management and Research Limited,10160864068.75,30-SEP-2025
SEPC,SEPC Limited,10158777185.1,20-FEB-2008
NRAIL,N R Agarwal Industries Limited,10131470230.0,05-APR-2017
RSWM,RSWM Limited,10101427150.65,15-FEB-1995
DAMCAPITAL,Dam Capital Advisors Limited,10092547080.0,27-DEC-2024
MADRASFERT,Madras Fertilizers Limited,10084941380.0,25-JUL-1997
MAMATA,Mamata Machinery Limited,10075663710.0,27-DEC-2024
HMAAGRO,HMA Agro Industries Limited,10005380004.6,04-JUL-2023
RMDRIP,R M Drip and Sprinklers Systems Limited,9990572561.45,30-JUL-2025
DVL,Dhunseri Ventures Limited,9985557365.4,11-JAN-2008
WEL,Wonder Electricals Limited,9943393600.0,17-JAN-2022
RADHIKAJWE,Radhika Jeweltech Limited,9929700000.0,18-JUL-2022
UNITEDPOLY,United Polyfab Gujarat Limited,9885232585.0,31-DEC-2021
CONSOFINVT,Consolidated Finvest & Holdings Limited,9811052081.0,29-MAR-2005
RAJOOENG,Rajoo Engineers Limited,9807486832.75,29-MAY-2025
NAHARSPING,Nahar Spinning Mills Limited,9766484052.4,23-MAR-2007
FEDDERSHOL,Fedders Holding Limited,9752561267.4,20-APR-2026
SALZERELEC,Salzer Electronics Limited,9728157760.55,02-DEC-2015
HEALTHX,Health X Platform Limited,9713336175.0,05-OCT-2010
SYSTMTXC,Systematix Corporate Services Limited,9709217891.1,06-OCT-2025
GANESHBE,Ganesh Benzoplast Limited,9599789290.35,16-SEP-2021
NELCAST,Nelcast Limited,9570132000.0,27-JUN-2007
UNIECOM,Unicommerce Esolutions Limited,9526382495.2,13-AUG-2024
ARIHANTSUP,Arihant Superstructures Limited,9499860523.15,28-MAR-2017
LGHL,Laxmi Goldorna House Limited,9492039194.4,10-NOV-2023
ESTER,Ester Industries Limited,9442873102.7,20-JUN-2011
ASTAR,Asian Star Company Limited,9407996700.0,20-APR-2026
AMAL,Amal Limited,9403040717.2,17-AUG-2026
PRIMESECU,Prime Securities Limited,9392984943.75,17-JUN-2005
ZUARI,Zuari Agro Chemicals Limited,9380617658.25,27-NOV-2012
PDMJEPAPER,Pudumjee Paper Products Limited,9378211500.0,30-MAR-2016
SGIL,Synergy Green Industries Limited,9356886000.0,28-JUL-2021
FINKURVE,Finkurve Financial Services Limited,9351808319.25,01-OCT-2025
AHCL,Anlon Healthcare Limited,9322773100.0,03-SEP-2025
BSHSL,Bombay Super Hybrid Seeds Limited,9322627955.2,28-OCT-2020
SWARAJ,Swaraj Suiting Limited,9319041215.0,13-AUG-2026
NRL,Nupur Recyclers Limited,9313263285.8,12-JAN-2023
GKWLIMITED,GKW Limited,9285663950.0,20-JUL-2009
INDOAMIN,Indo Amines Limited,9281771297.2,29-APR-2022
AMNPLST,Amines & Plasticizers Limited,9238958400.0,10-NOV-2023
PREMIERPOL,Premier Polyfilm Limited,9216290375.25,13-DEC-1995
EXCELSOFT,Excelsoft Technologies Limited,9215939853.1,26-NOV-2025
AMBIKCO,Ambika Cotton Mills Limited,9199502500.0,29-JAN-2008
MUKKA,Mukka Proteins Limited,9171000000.0,07-MAR-2024
CONTROLPR,Control Print Limited,9163883765.4,24-JUN-2016
ANUHPHR,Anuh Pharma Limited,9141431040.0,20-DEC-2024
DHARMAJ,Dharmaj Crop Guard Limited,9125269920.0,08-DEC-2022
SVLL,Shree Vasu Logistics Limited,9115653470.0,21-APR-2023
TIRUPATIFL,Tirupati Forge Limited,9105311200.0,04-AUG-2020
VADILENT,Vadilal Enterprises Limited,8971747200.0,17-AUG-2026
WEALTH,Wealth First Portfolio Managers Limited,8942741500.0,20-JAN-2021
MCCHRLS-B,Mac Charles India Limited,8895206908.0,20-APR-2026
SRHHYPOLTD,Sree Rayalaseema Hi-Strength Hypo Limited,8875928939.1,08-MAY-2007
MAFATIND,Mafatlal Industries Limited,8865338800.5,20-APR-2026
REGAAL,Regaal Resources Limited,8806482225.8,20-AUG-2025
ARIHANT,Arihant Foundations & Housing Limited,8803133960.4,20-APR-2026
SALASAR,Salasar Techno Engineering Limited,8792189958.7,25-JUL-2017
SUDARCOLOR,Sudarshan Colorants India Limited,8791856858.2,14-JUN-1995
RITCO,Ritco Logistics Limited,8739958849.95,12-APR-2022
KRYSTAL,Krystal Integrated Services Limited,8724785426.4,21-MAR-2024
HEXATRADEX,Hexa Tradex Limited,8666789163.5,20-APR-2012
HIMATSEIDE,Himatsingka Seide Limited,8657356597.65,08-FEB-1995
SUPREMEINF,Supreme Infrastructure India Limited,8651419894.8,18-OCT-2007
MICEL,MIC Electronics Limited,8640264426.0,17-DEC-2021
VELJAN,Veljan Denison Limited,8637300000.0,20-APR-2026
GEMAROMA,Gem Aromatics Limited,8623829112.4,26-AUG-2025
SWELECTES,Swelect Energy Systems Limited,8612449494.0,09-MAY-2006
WCIL,Western Carriers (India) Limited,8607059081.45,24-SEP-2024
SREEL,Sreeleathers Limited,8574300943.6,01-JAN-2014
WELINV,Welspun Investments and Commercials Limited,8569746220.0,20-SEP-2010
DWARKESH,Dwarikesh Sugar Industries Limited,8483101296.6,31-DEC-2004
SADHNANIQ,Sadhana Nitrochem Limited,8479025941.1,05-MAY-2023
BORANA,Borana Weaves Limited,8463877956.75,27-MAY-2025
SURAJEST,Suraj Estate Developers Limited,8455889676.0,26-DEC-2023
ECORECO,Eco Recycling Limited,8437503937.5,17-AUG-2026
WANBURY,Wanbury Limited,8436117647.1,29-JAN-2007
LIKHITHA,Likhitha Infrastructure Limited,8430859500.0,15-OCT-2020
KOTHARIPET,Kothari Petrochemicals Limited,8427392944.0,02-NOV-1996
ROHLTD,Royal Orchid Hotels Limited,8425026048.0,06-FEB-2006
PRADPME,Pradeep Metals Limited,8404445500.0,20-APR-2026
KECL,Kirloskar Electric Company Limited,8392082011.55,09-MAR-2010
GAUDIUMIVF,Gaudium IVF and Women Health Limited,8389416249.85,27-FEB-2026
ARIHANTCAP,Arihant Capital Markets Limited,8382090816.0,15-JUN-2021
HEXAGON,Hexagon Nutrition Limited,8379327490.55,12-JUN-2026
PANACHE,Panache Digilife Limited,8311266000.0,06-JAN-2020
BEEKAY,Beekay Steel Industries Limited,8265827336.8,20-APR-2026
ORIRAIL,Oriental Rail Infrastructure Limited,8201315700.0,17-AUG-2026
IFBAGRO,IFB Agro Industries Limited,8194348702.8,03-APR-1996
OCCLLTD,OCCL Limited,8187379898.6,29-OCT-2024
NDTV,New Delhi Television Limited,8156098791.95,19-MAY-2004
ORICONENT,Oricon Enterprises Limited,8111514479.75,24-JUL-2015
SGRL,Shree Ganesh Remedies Limited,8107178481.3,17-AUG-2026
ZUARIIND,ZUARI INDUSTRIES LIMITED,8085591456.0,12-APR-1995
NCLIND,NCL Industries Limited,8056412226.9,03-APR-2007
SARLAPOLY,Sarla Performance Fibers Limited,8054448930.0,19-JAN-2007
PRECOT,Precot Limited,8049000000.0,19-AUG-2005
DECCANCE,Deccan Cements Limited,8008788125.0,02-AUG-2007
QUICKHEAL,Quick Heal Technologies Limited,8000526895.7,18-FEB-2016
FAIRCHEMOR,Fairchem Organics Limited,7992099819.0,24-DEC-2020
DBOL,Dhampur Bio Organics Limited,7991738084.2,08-SEP-2022
PROZONER,Prozone Realty Limited,7981130780.9,12-SEP-2012
VISAKAIND,Visaka Industries Limited,7941461491.6,28-AUG-1996
PROSTARM,Prostarm Info Systems Limited,7935117509.75,03-JUN-2025
KOKUYOCMLN,Kokuyo Camlin Limited,7917982445.65,28-JUL-2008
MERCURYEV,Mercury Ev-Tech Limited,7904778943.4,02-JUN-2026
CIFL,Capital India Finance Limited,7895426697.0,17-APR-2025
STERTOOLS,Sterling Tools Limited,7858028345.45,02-FEB-2006
SICALLOG,Sical Logistics Limited,7856416148.9,12-OCT-2023
STANLEY,Stanley Lifestyles Limited,7850779866.1,28-JUN-2024
SUYOG,Suyog Telematics Limited,7843440128.0,20-AUG-2024
AMANTA,Amanta Healthcare Limited,7834986444.8,09-SEP-2025
CHEMCON,Chemcon Speciality Chemicals Limited,7824684040.6,01-OCT-2020
MAGADSUGAR,Magadh Sugar & Energy Limited,7815922579.5,28-JUL-2017
VIVIANA,Viviana Power Tech Limited,7787489920.0,02-JUN-2026
OMINFRAL,OM INFRA LIMITED,7781347767.2,17-JUN-2011
JAYAGROGN,Jayant Agro Organics Limited,7745400000.0,17-APR-1996
MAXIND,Max India Limited,7742920316.05,28-AUG-2020
MEIL,Mangal Electrical Industries Limited,7741960744.8,28-AUG-2025
SCODATUBES,Scoda Tubes Limited,7740828969.0,04-JUN-2025
GEECEE,GeeCee Ventures Limited,7738385316.45,04-OCT-2006
JITFINFRA,JITF Infralogistics Limited,7735530320.7,27-FEB-2017
HTEL,Hy-Tech Engineers Limited,7733331988.8,01-SEP-2026
SANDESH,The Sandesh Limited,7729135783.1,26-NOV-2002
UPHOT,U P Hotels Limited,7711200000.0,17-AUG-2026
ISTLTD,I S T Limited,7709978032.0,17-AUG-2026
ELDEHSG,Eldeco Housing And Industries Limited,7685472800.0,12-APR-2022
VLSFINANCE,VLS Finance Limited,7677731262.85,25-MAY-1995
DENTA,Denta Water and Infra Solutions Limited,7674915000.0,29-JAN-2025
LOTUSCHO,Lotus Chocolate Company Limited,7667390357.9,17-AUG-2026
SEJALLTD,Sejal Glass Limited,7660800000.0,13-DEC-2021
TVSELECT,TVS Electronics Limited,7655023023.1,26-DEC-2003
ARYAMAN,Aryaman Financial Services Limited,7654375000.0,17-AUG-2026
KANORICHEM,Kanoria Chemicals & Industries Limited,7652450341.6,08-FEB-1995
ADVANCE,Advance Agrolife Limited,7651929251.6,08-OCT-2025
HALDYNGL,Haldyn Glass Limited,7642416706.0,20-APR-2026
SOLEX,Solex Energy Limited,7618455367.25,08-OCT-2025
SUMEETINDS,Sumeet Industries Limited,7607511383.1,10-DEC-2010
BAJAJST,Bajaj Steel Industries Limited,7542080000.0,20-APR-2026
MANAKSTEEL,Manaksia Steels Limited,7537071090.5,30-MAR-2015
PERMAGN,Permanent Magnets Limited,7476354883.5,17-AUG-2026
20MICRONS,20 Microns Limited,7476151178.75,06-OCT-2008
ASAL,Automotive Stampings and Assemblies Limited,7401534420.35,12-MAR-2002
LOKESHMACH,Lokesh Machines Limited,7395303382.5,05-MAY-2006
GICHSGFIN,GIC Housing Finance Limited,7330207103.9,08-MAY-1996
MODIS,Modis Navnirman Limited,7324170120.0,14-NOV-2025
ZIMLAB,Zim Laboratories Limited,7305695117.9,25-NOV-2022
DMCC,DMCC SPECIALITY CHEMICALS LIMITED,7281213439.35,01-DEC-2021
BAFNAPH,Bafna Pharmaceuticals Limited,7276688646.0,27-FEB-2020
TRANSPEK,Transpek Industry Limited,7252302789.6,20-APR-2026
ABINFRA,A B Infrabuild Limited,7224707661.6,08-NOV-2024
PVSL,Popular Vehicles and Services Limited,7157554844.95,19-MAR-2024
SHALPAINTS,Shalimar Paints Limited,7152283048.3,03-MAR-2008
RBZJEWEL,RBZ Jewellers Limited,7146800000.0,27-DEC-2023
ADVENTHTL,Advent Hotels International Limited,7141498809.95,13-NOV-2025
KELLTONTEC,Kellton Tech Solutions Limited,7130641091.7,02-MAR-2016
TUTIALKA,Tuticorin Alkali Chemicals & Fertilizers Limited,7124959338.4,17-AUG-2026
EMAMIPAP,Emami Paper Mills Limited,7123158147.0,30-MAY-2019
XCHANGING,Xchanging Solutions Limited,7087504411.9,09-MAR-2005
PATELRMART,Patel Retail Limited,7077571883.2,26-AUG-2025
BAJAJINDEF,Indef Manufacturing Limited,7072960000.0,21-FEB-2025
ENKEIWHEL,Enkei Wheels (India) Limited,7049753819.0,17-AUG-2026
YOGI,Yogi Limited,6991650000.0,17-AUG-2026
CHEVIOT,Cheviot Company Limited,6986298312.5,20-JUN-2022
VASCONEQ,Vascon Engineers Limited,6985667896.65,15-FEB-2010
PRAVEG,Praveg Limited,6966495217.5,20-APR-2026
PPL,Prakash Pipes Limited,6957849178.6,14-JUN-2019
BIRLAMONEY,Aditya Birla Money Limited,6944980802.9,07-FEB-2008
RAJPALAYAM,Rajapalayam Mills Limited,6925292220.0,20-APR-2026
HERANBA,Heranba Industries Limited,6894320364.1,05-MAR-2021
AXTEL,Axtel Industries Limited,6867405480.0,17-AUG-2026
DPSCLTD,DPSC Limited,6865216962.0,21-APR-2008
SATIA,Satia Industries Limited,6857000000.0,17-JUL-2019
SPECIALITY,Speciality Restaurants Limited,6837886736.3,30-MAY-2012
EIFFL,Euro India Fresh Foods Limited,6837360000.0,12-OCT-2021
NEUEON,Neueon Corporation Limited,6813618516.0,11-SEP-2013
STCINDIA,The State Trading Corporation of India Limited,6795000000.0,01-APR-2003
BESTAGRO,Best Agrolife Limited,6788404854.0,10-APR-2024
VALIANTLAB,Valiant Laboratories Limited,6778200000.0,06-OCT-2023
EMKAY,Emkay Global Financial Services Limited,6760828645.2,28-APR-2006
COFFEEDAY,Coffee Day Enterprises Limited,6757942490.8,02-NOV-2015
SCPL,Sheetal Cool Products Limited,6756225000.0,22-NOV-2022
GANESHCP,Ganesh Consumer Products Limited,6748153723.1,29-SEP-2025
ZFSTEERING,ZF Steering Gear (India) Limited,6745091220.0,20-APR-2026
INDOFARM,Indo Farm Equipment Limited,6742600512.0,07-JAN-2025
GTPL,GTPL Hathway Limited,6719666520.5,04-JUL-2017
CHEMBONDCH,Chembond Chemicals Limited,6717419856.0,23-JUL-2025
BLAL,BEML Land Assets Limited,6714342735.0,19-APR-2023
ECOSMOBLTY,Ecos (India) Mobility & Hospitality Limited,6703800000.0,04-SEP-2024
LAXMIINDIA,Laxmi India Finance Limited,6700026814.65,05-AUG-2025
MAANALU,Maan Aluminium Limited,6645723082.55,22-OCT-2007
KAMATHOTEL,Kamat Hotels (I) Limited,6623582576.95,29-MAY-1996
TREL,Transindia Real Estate Limited,6619037416.55,10-AUG-2023
MANBA,Manba Finance Limited,6605477626.8,30-SEP-2024
KUANTUM,Kuantum Papers Limited,6587531428.7,23-OCT-2019
EVERESTIND,Everest Industries Limited,6587272999.3,29-MAR-1995
RAMASTEEL,Rama Steel Tubes Limited,6560524325.8,19-AUG-2015
GLOSTERLTD,Gloster Limited,6559937207.0,26-APR-2024
FABTECH,Fabtech Technologies Limited,6552936051.5,07-OCT-2025
TVTODAY,TV Today Network Limited,6545647065.5,16-JAN-2004
VIRAT,Virat Industries Limited,6540585718.65,17-AUG-2026
VOITHPAPR,Voith Paper Fabrics India Limited,6521632347.3,17-AUG-2026
SUTLEJTEX,Sutlej Textiles and Industries Limited,6494166496.8,14-DEC-2006
AGARIND,Agarwal Industrial Corporation Limited,6489436757.65,26-MAY-2014
KILITCH,Kilitch Drugs (India) Limited,6468938186.9,29-SEP-2010
SOUTHWEST,South West Pinnacle Exploration Limited,6448950078.1,18-APR-2019
GFLLIMITED,GFL Limited,6419634000.0,25-MAY-1995
TANAA,Taneja Aerospace & Aviation Limited,6413384804.0,17-AUG-2026
ONWARDTEC,Onward Technologies Limited,6411462048.5,07-MAR-2001
INNOVANA,Innovana Thinklabs Limited,6390138000.0,17-DEC-2024
KRONOX,Kronox Lab Sciences Limited,6380403840.0,10-JUN-2024
EMPIND,Empire Industries Limited,6374997875.0,17-AUG-2026
UNIENTER,Uniphos Enterprises Limited,6366922475.95,23-JAN-2004
INNOVISION,Innovision Limited,6353386839.2,23-MAR-2026
SHINDL,Sharat Industries Limited,6351956773.0,20-APR-2026
CCCL,Consolidated Construction Consortium Limited,6321646231.65,15-OCT-2007
DCMSIL,DCM Shriram International Limited,6294754506.6,17-FEB-2026
GLOBAL,Global Education Limited,6289389340.0,07-DEC-2020
ORBTEXP,Orbit Exports Limited,6283143024.0,05-NOV-2013
SHIVAUM,Shiv Aum Steels Limited,6275904580.0,14-NOV-2025
HARDWYN,Hardwyn India Limited,6236326005.1,12-APR-2022
ATL,Allcargo Terminals Limited,6203204573.65,10-AUG-2023
SAURASHCEM,Saurashtra Cement Limited,6174218294.4,27-FEB-2024
KANPRPLA,Kanpur Plastipack Limited,6161353728.6,01-JAN-2021
KSOLVES,Ksolves India Limited,6145955640.0,23-SEP-2022
AHLWEST,Asian Hotels (West) Limited,6128536460.0,05-AUG-2010
SHREERAMA,Shree Rama Multi-Tech Limited,6123512069.4,13-MAR-2000
MOLDTECH,Mold-Tek Technologies Limited,6097755429.4,07-JUL-2016
ARIES,Aries Agro Limited,6093833255.4,11-JAN-2008
MALLCOM,Mallcom (India) Limited,6092112000.0,02-FEB-2022
SHRADDHA,Shraddha Prime Projects Limited,6060958020.0,17-AUG-2026
ORIENTBELL,Orient Bell Limited,6060716112.0,14-FEB-2007
DHUNINV,Dhunseri Investments Limited,6045351987.0,18-MAR-2011
SNOWMAN,Snowman Logistics Limited,6041901899.2,12-SEP-2014
PASUPTAC,Pasupati Acrylon Limited,6039660278.95,12-OCT-2021
SOFTTECH,Softtech Engineers Limited,6021330030.0,25-FEB-2022
NBIFIN,N. B. I. Industrial Finance Company Limited,5939248500.0,23-NOV-2016
VAKRANGEE,Vakrangee Limited,5925059184.3,03-APR-2006
UNIVPHOTO,Universus Photo Imagings Limited,5916639462.0,14-FEB-2020
UDAYJEW,Uday Jewellery Industries Limited,5884544226.0,17-AUG-2026
TRITONV,Triton Valves Limited,5804884996.4,17-AUG-2026
HMVL,Hindustan Media Ventures Limited,5802371120.5,21-JUL-2010
CEWATER,Concord Enviro Systems Limited,5792875616.7,27-DEC-2024
LINC,Linc Limited,5788295657.2,09-MAR-2015
NAHARINDUS,Nahar Industrial Enterprises Limited,5784795240.1,15-DEC-2005
SHIVALIK,Shivalik Rasayan Limited,5777233882.0,09-DEC-2021
UNIVASTU,Univastu India Limited,5768679231.0,22-JUN-2020
OMPOWER,Om Power Transmission Limited,5756926950.0,17-APR-2026
NAHARPOLY,Nahar Poly Films Limited,5747934656.05,23-MAR-2007
BIGBLOC,Bigbloc Construction Limited,5743728177.5,02-SEP-2016
KSE,KSE Limited,5718080000.0,17-AUG-2026
HITECHCORP,Hitech Corporation Limited,5706626325.0,20-DEC-2007
BLACKROSE,Black Rose Inds. Limited,5701290000.0,20-APR-2026
SAYAJIHOTL,Sayaji Hotels Limited,5696846120.4,20-APR-2026
PYRAMID,Pyramid Technoplast Limited,5686562232.0,29-AUG-2023
HAZOOR,Hazoor Multi Projects Limited,5666258598.0,17-AUG-2026
KIRANVYPAR,Kiran Vyapar Limited,5647558834.9,20-APR-2026
SHRJAGP,Shri Jagdamba Polymers Limited,5635335100.0,17-AUG-2026
HINDCOMPOS,Hindustan Composites Limited,5633635050.0,08-MAY-1996
UGARSUGAR,The Ugar Sugar Works Limited,5616000000.0,23-AUG-2010
INDOTHAI,Indo Thai Securities Limited,5585887991.7,02-NOV-2011
ORIENTCER,ORIENT CERATECH LIMITED,5584757856.0,15-DEC-2005
ADSL,Allied Digital Services Limited,5574262749.1,25-JUL-2007
AQYLON,Aqylon Nexus Limited,5551624652.8,01-APR-2024
DHABRIYA,Dhabriya Polywood Limited,5549049199.25,17-AUG-2026
PANCHMAHQ,Panchmahal Steel Limited,5532715410.0,17-AUG-2026
CHEMFAB,Chemfab Alkalis Limited,5526688419.0,25-APR-2018
DICIND,DIC India Limited,5518859921.25,30-AUG-1995
CSLFINANCE,CSL Finance Limited,5491522965.85,21-JUL-2022
LAKSHMIMIL,Lakshmi Mills Company Limited,5428137000.0,17-AUG-2026
GLOTTIS,Glottis Limited,5427752220.0,07-OCT-2025
TPLPLASTEH,TPL Plastech Limited,5319804600.0,20-MAY-2015
MAWANASUG,Mawana Sugars Limited,5308158444.8,20-MAR-2009
VTMLTD,VTM Limited,5301997680.0,17-AUG-2026
MGEL,Mangalam Global Enterprise Limited,5282776268.0,23-DEC-2020
PRIMO,Primo Chemicals Limited,5258847874.0,22-APR-2025
MAZDA,Mazda Limited,5226525000.0,01-NOV-2016
KAYA,Kaya Limited,5134171222.45,14-AUG-2015
IL&FSENGG,IL&FS Engineering and Construction Company Limited,5125522939.0,25-OCT-2007
IRIS,IRIS RegTech Solutions Limited,5123138962.75,08-NOV-2021
MINDTECK,Mindteck (India) Limited,5112675360.0,02-AUG-2016
PANSARI,Pansari Developers Limited,5111912400.0,18-OCT-2021
KHAICHEM,Khaitan Chemicals & Fertilizers Limited,5109391056.0,30-OCT-2020
VISACHROME,VISA Chrome Limited,5088053550.0,17-MAR-2006
THEINVEST,The Investment Trust Of India Limited,5085257402.8,02-AUG-2017
OSWALGREEN,Oswal Greentech Limited,5082253256.6,28-AUG-1996
MUNJALSHOW,Munjal Showa Limited,5082164650.0,12-MAY-2003
PENINLAND,Peninsula Land Limited,5082076330.4,08-FEB-1995
APTECHT,Aptech Limited,5074666459.35,27-SEP-2002
PTL,PTL Enterprises Limited,5052830090.0,29-JAN-2007
PLASTIBLEN,Plastiblends India Limited,5045803180.0,28-DEC-2006
SUKHJITS,Sukhjit Starch & Chemicals Limited,4998727560.0,07-NOV-2022
ONMOBILE,OnMobile Global Limited,4996040283.5,19-FEB-2008
INTLCONV,International Conveyors Limited,4921341960.0,16-SEP-2021
SARVESHWAR,Sarveshwar Foods Limited,4914189611.3,08-DEC-2022
CSM,CSM Technologies Limited,4900265701.1,02-JUL-2026
KNAGRI,KN Agri Resources Limited,4875287428.2,09-DEC-2025
ALBERTDAVD,Albert David Limited,4851087700.0,14-JUN-2016
ENIL,Entertainment Network (India) Limited,4849988022.1,15-FEB-2006
MUFTI,Credo Brands Marketing Limited,4845049091.25,27-DEC-2023
BBTCL,B&B Triplewall Containers Limited,4826910109.2,23-NOV-2022
SHARDUL,Shardul Securities Limited,4804194780.15,20-APR-2026
ZEEMEDIA,Zee Media Corporation Limited,4797037975.6,10-JAN-2007
NILASPACES,Nila Spaces Limited,4781814888.0,28-DEC-2018
SILINV,SIL Investments Limited,4778732860.0,22-MAY-1996
SCHAND,S Chand And Company Limited,4776560240.65,09-MAY-2017
RAMANEWS,Shree Rama Newsprint Limited,4742833328.8,20-SEP-2006
BMWVENTLTD,BMW Ventures Limited,4733771850.0,01-OCT-2025
SHIVACEM,Shiva Cement Limited,4731800000.0,17-AUG-2026
URJA,Urja Global Limited,4729080393.0,28-MAR-2017
MODINATUR,Modi Naturals Limited,4727762854.1,11-DEC-2025
AZADIND,Azad India Mobility Limited,4725121335.65,17-AUG-2026
RUSHIL,Rushil Decor Limited,4697603288.2,07-JUL-2011
CORDSCABLE,Cords Cable Industries Limited,4694076918.0,13-FEB-2008
UNIDT,United Drilling Tools Limited,4679261449.2,25-SEP-2020
3IINFOLTD,3i Infotech Limited,4645844380.8,22-OCT-2021
VPRPL,Vishnu Prakash R Punglia Limited,4626785280.0,05-SEP-2023
SIGMA,Sigma Solve Limited,4621790850.6,09-JUN-2023
MANAKSIA,Manaksia Limited,4620805865.5,08-JAN-2008
RKSWAMY,R K Swamy Limited,4617153234.25,12-MAR-2024
MANCREDIT,Mangal Credit and Fincorp Limited,4615095059.9,16-AUG-2024
OSWALAGRO,Oswal Agro Mills Limited,4609622207.85,29-MAR-1995
SINGERIND,Singer India Limited,4605459040.35,19-MAR-2026
ELIN,Elin Electronics Limited,4604067956.4,30-DEC-2022
BRAHMINFRA,Brahmaputra Infrastructure Limited,4602898608.0,17-AUG-2026
MCLEODRUSS,Mcleod Russel India Limited,4601275126.75,29-JUL-2005
IGCL,Indogulf Cropsciences Limited,4577417382.8,03-JUL-2025
MOMSBELIEF,Rays of Belief Limited,4576841307.55,08-SEP-2026
LANCER,Lancer Container Lines Limited,4532373501.95,17-AUG-2026
JENBURPH,Jenburkt Pharmaceuticals Limited,4531576440.0,17-AUG-2026
ABCOTS,A B Cotspin India Limited,4514622091.0,24-SEP-2025
DCI,Dc Infotech And Communication Limited,4503440000.0,19-OCT-2022
VISHAL,Vishal Fabrics Limited,4499073754.5,17-AUG-2026
KAVDEFENCE,Kavveri Defence & Wireless Technologies Limited,4495490920.2,29-JAN-2008
ADVANIHOTR,Advani Hotels & Resorts (India) Limited,4476796555.0,25-JUN-2007
WSI,W S Industries (I) Limited,4464921557.95,01-AUG-2007
HTMEDIA,HT Media Limited,4442176555.5,01-SEP-2005
DONEAR,Donear Industries Limited,4430920000.0,20-DEC-2006
ASAHISONG,Asahi Songwon Colors Limited,4427884970.3,29-AUG-2011
AEPL,Artemis Electricals and Projects Limited,4408207964.0,12-MAR-2026
REPRO,Repro India Limited,4402584232.2,22-DEC-2005
DISHTV,Dish TV India Limited,4400601969.05,18-APR-2007
GUJAPOLLO,Gujarat Apollo Industries Limited,4388399500.0,04-JUN-2007
HALEOSLABS,HALEOS LABS LIMITED,4385580122.2,17-AUG-2017
CYBERTECH,Cybertech Systems And Software Limited,4382564882.55,27-JAN-1999
NILE,Nile Limited,4373768300.0,20-APR-2026
RAMAPHO,Rama Phosphates Limited,4372700660.8,05-AUG-2022
POEL,POCL Enterprises Limited,4328787878.1,17-AUG-2026
NAHARCAP,Nahar Capital and Financial Services Limited,4302090302.3,11-MAR-2008
NDLVENTURE,NDL Ventures Limited,4258113191.65,24-APR-2007
MIRZAINT,Mirza International Limited,4258000539.0,28-APR-1999
DENORA,De Nora India Limited,4257789899.7,07-AUG-1997
AARTISURF,Aarti Surfactants Limited,4239692745.75,14-JUL-2020
MANOMAY,Manomay Tex India Limited,4238925902.1,18-JAN-2023
S&SPOWER,S&S Power Switchgears Limited,4228215030.0,27-SEP-1995
GOKUL,Gokul Refoils and Solvent Limited,4218176950.0,04-JUN-2008
EBIX,EBIX Limited,4206594360.8,17-AUG-2026
HLVLTD,HLV LIMITED,4206078155.6,19-JUL-1995
SAHYADRI,Sahyadri Industries Limited,4196264105.0,06-APR-2023
SINCLAIR,Sinclairs Hotels Limited,4181790800.0,10-APR-2024
NDL,Nandan Denim Limited,4180267872.0,23-MAR-2012
FOCUS,Focus Lighting and Fixtures Limited,4179563551.5,24-NOV-2021
FOODSIN,Foods & Inns Limited,4174386547.65,16-NOV-2021
MEDICAMEQ,Medicamen Biotech Limited,4170565612.5,27-OCT-2021
VRAJ,Vraj Iron and Steel Limited,4166034605.9,03-JUL-2024
KRITINUT,Kriti Nutrients Limited,4107486569.6,07-OCT-2022
PRIORITY,Priority Jewels Limited,4084560000.0,04-SEP-2026
VINYLINDIA,Vinyl Chemicals (India) Limited,4064053910.95,21-JUL-2008
BIRLAPREC,Birla Precision Technologies Limited,4055386874.1,20-APR-2026
BATLIBOI,Batliboi Limited,4034071530.9,20-APR-2026
XTGLOBAL,Xtglobal Infotech Limited,4029076098.2,16-SEP-2024
GOACARBON,Goa Carbon Limited,4028750643.0,05-JUN-2007
ANNU,Annu Projects Limited,4022559791.4,02-SEP-2026
RADIANTCMS,Radiant Cash Management Services Limited,4004747712.2,04-JAN-2023
AVONMORE,Avonmore Capital & Management Services Limited,4004201474.8,04-JAN-2023
CPL,Captain Polyplast Limited,3994668080.2,23-JUL-2026
LORDSCHLO,Lords Chloro Alkali Limited,3985178987.9,28-AUG-2023
ACL,Andhra Cements Limited,3933906935.2,10-MAY-2023
MANORG,Mangalam Organics Limited,3929365072.0,02-NOV-2021
KOTHARIPRO,Kothari Products Limited,3925065124.8,03-JUN-1998
LIBERTSHOE,Liberty Shoes Limited,3909146400.0,27-SEP-1995
MENNPIS,Menon Pistons Limited,3896910000.0,20-APR-2026
SBGLP,Suratwwala Business Group Limited,3891464913.6,10-FEB-2023
ALUFLUOR,Alufluoride Limited,3887952626.3,17-AUG-2026
SANGINITA,Sanginita Chemicals Limited,3885678038.55,15-JUL-2019
DIGISPICE,DiGiSPICE Technologies Limited,3879113382.2,27-MAY-2008
BANSWRAS,Banswara Syntex Limited,3869594775.35,11-APR-2007
MAJESAUT,Majestic Auto Limited,3869421437.7,20-APR-2026
ORIENTPPR,Orient Paper & Industries Limited,3832075945.3,29-MAR-1995
MUTHOOTCAP,Muthoot Capital Services Limited,3823064570.5,24-AUG-2015
AUTOIND,Autoline Industries Limited,3822877534.25,31-JAN-2007
AFIL,Akme Fintrade (India) Limited,3815144642.4,26-JUN-2024
MARKOLINES,Markolines Pavement Technologies Limited,3806161682.4,14-OCT-2025
OMAXAUTO,Omax Autos Limited,3770736821.7,20-FEB-2003
EMAMIREAL,Emami Realty Limited,3762570513.6,28-JUL-2010
NICCOPAR,Nicco Parks & Resorts Limited,3744936000.0,17-AUG-2026
TARACHAND,Tara Chand InfraLogistic Solutions Limited,3723688276.0,16-APR-2024
RUBFILA,Rubfila International Limited,3695076049.6,08-AUG-2024
SURAJLTD,Suraj Limited,3684940306.0,29-AUG-2024
EUROBOND,Euro Panel Products Limited,3675000000.0,01-AUG-2025
UYFINCORP,U. Y. Fincorp Limited,3673502133.0,03-OCT-2024
KESORAMIND,Kesoram Industries Limited,3659617950.15,06-SEP-1995
DCMSRIND,DCM Shriram Industries Limited,3632793645.6,24-DEC-2021
ABMKNO,ABM Knowledgeware Limited,3627398970.0,20-APR-2026
TRANSWORLD,TRANSWORLD SHIPPING LINES LIMITED,3615088233.1,01-MAR-1995
KCPSUGIND,KCP Sugar and Industries Corporation Limited,3607912291.0,11-JUN-1997
SHANKARA,Shankara Building Products Limited,3598842471.65,05-APR-2017
TOLINS,Tolins Tyres Limited,3593723267.75,16-SEP-2024
SWISSMLTRY,Swiss Military Consumer Goods Limited,3584579242.2,17-AUG-2026
THOMASCOTT,Thomas Scott (India) Limited,3578105682.0,30-JAN-2012
DREAMFOLKS,Dreamfolks Services Limited,3575473137.45,06-SEP-2022
VARDHACRLC,Vardhman Acrylics Limited,3556095760.5,30-SEP-2003
KALYANIFRG,Kalyani Forge Limited,3540501600.0,20-DEC-2007
GINNIFILA,Ginni Filaments Limited,3537347684.5,10-MAY-1995
MBLINFRA,MBL Infrastructure Limited,3528001691.3,11-JAN-2010
KOTYARK,Kotyark Industries Limited,3519877691.9,12-MAR-2026
JKIPL,Jinkushal Industries Limited,3516157600.0,03-OCT-2025
ACSTECH,ACS Technologies Limited,3511037838.9,20-APR-2026
BELLACASA,Bella Casa Fashion & Retail Limited,3508997625.0,18-JUL-2025
HALDER,Halder Venture Limited,3506310256.5,19-JAN-2026
TREJHARA,TREJHARA SOLUTIONS LIMITED,3504887858.8,28-DEC-2018
SHEMAROO,Shemaroo Entertainment Limited,3504809175.0,01-OCT-2014
ROSSELLIND,Rossell India Limited,3502225947.0,25-SEP-2012
AASTHA,Aastha Spintex Limited,3500034245.1,06-JUL-2026
SHAH,Shah Metacorp Limited,3496383677.7,27-OCT-2010
ZODIAC,Zodiac Energy Limited,3491757547.2,14-DEC-2021
GVKPIL,GVK Power & Infrastructure Limited,3488751415.5,27-FEB-2006
HARRMALAYA,Harrisons  Malayalam Limited,3447469654.0,08-FEB-1995
PPAP,PPAP Automotive Limited,3435637594.25,11-JAN-2008
PAKKA,PAKKA LIMITED,3428641068.0,11-JUL-2023
ALMONDZ,Almondz Global Securities Limited,3417541232.25,16-JUN-2008
INSPIRISYS,Inspirisys Solutions Limited,3416955296.25,30-OCT-2006
AVG,AVG Logistics Limited,3414036789.25,12-MAY-2023
BEDMUTHA,Bedmutha Industries Limited,3399645457.1,14-OCT-2010
SCANSTL,Scan Steels Limited,3388384696.9,20-APR-2026
PKTEA,The Peria Karamalai Tea & Produce Company Limited,3387510801.8,19-AUG-2015
CPEDU,Career Point Edutech Limited,3376245619.6,05-SEP-2025
HPAL,HP Adhesives Limited,3363534048.35,27-DEC-2021
VERTOZ,Vertoz Limited,3359766600.0,14-MAY-2020
REMSONSIND,Remsons Industries Limited,3359524571.2,31-JAN-1996
GULFPETRO,GP Petroleums Limited,3351713338.4,24-SEP-2004
ESSARSHPNG,Essar Shipping Limited,3332314759.2,15-NOV-2011
HCL-INSYS,HCL Infosystems Limited,3331604471.35,01-JAN-1997
RRECL,RDB Real Estate Constructions Limited,3314858400.0,17-AUG-2026
KRITI,Kriti Industries (India) Limited,3314578400.0,01-NOV-2021
DBEIL,Deepak Builders & Engineers India Limited,3311899146.0,28-OCT-2024
RUCHIRA,Ruchira Papers Limited,3299064641.9,20-DEC-2006
AKSHARCHEM,AksharChem India Limited,3281119286.55,28-MAR-2017
NURECA,Nureca Limited,3278126616.0,25-FEB-2021
ASHIMASYN,Ashima Limited,3273554132.25,27-JUL-1995
DCMNVL,DCM Nouvelle Limited,3272341624.8,16-JUL-2019
CLEDUCATE,CL Educate Limited,3252353000.85,31-MAR-2017
UCAL,UCAL LIMITED,3224166525.0,13-SEP-1995
MEGASTAR,Megastar Foods Limited,3218139815.0,16-FEB-2022
IITL,Industrial Investment Trust Limited,3213670186.5,17-AUG-2010
CINELINE,Cineline India Limited,3206652893.7,13-JUN-2012
APOLSINHOT,Apollo Sindoori Hotels Limited,3195631560.0,28-JAN-2015
AMBALALSA,Ambalal Sarabhai Enterprises Limited,3183347115.85,20-APR-2026
PODDARMENT,Poddar Pigments Limited,3176634000.0,22-NOV-2016
TERASOFT,Tera Software Limited,3172385906.25,29-DEC-2016
OILCOUNTUB,Oil Country Tubular Limited,3145886460.3,30-AUG-1995
MODIRUBBER,Modi Rubber Limited,3139832307.5,07-FEB-1996
RPPINFRA,R.P.P. Infra Projects Limited,3125400411.55,06-DEC-2010
PONNIERODE,Ponni Sugars (Erode) Limited,3125095022.1,16-APR-2002
GENUSPAPER,Genus Paper & Boards Limited,3111223874.0,16-FEB-2015
SRGHFL,SRG Housing Finance Limited,3062716410.0,21-AUG-2023
AXITA,Axita Cotton Limited,3061823608.0,21-JUN-2022
TRACXN,Tracxn Technologies Limited,3058307348.65,20-OCT-2022
ATLANTAA,ATLANTAA LIMITED,3057065000.0,25-SEP-2006
HILINFRA,Highway Infrastructure Limited,3054581716.9,12-AUG-2025
VIJIFIN,Viji Finance Limited,3050595000.0,11-JUL-2016
NIMBSPROJ,Nimbus Projects Limited,3043859886.6,06-APR-2026
IVC,IL&FS Investment Managers Limited,3039836923.2,15-SEP-1999
CHEMBOND,Chembond Material Technologies Limited,3036892396.15,20-NOV-2019
LYKALABS,Lyka Labs Limited,3005098000.0,08-FEB-1995
ELGIRUBCO,Elgi Rubber Company Limited,2996493500.0,10-AUG-2011
GEEKAYWIRE,Geekay Wires Limited,2991362400.0,06-MAR-2020
VGL,VARVEE GLOBAL LIMITED,2977327014.85,21-NOV-2006
TAMBOLIIN,Tamboli Industries Limited,2975504000.0,20-APR-2026
DEVX,Dev Accelerator Limited,2975286119.85,17-SEP-2025
ANNAPURNA,Annapurna Swadisht Limited,2946354600.0,12-AUG-2026
DYNPRO,Dynemic Products Limited,2946149138.35,19-JUL-2017
SONAMLTD,SONAM LIMITED,2943953280.0,07-APR-2022
OMFREIGHT,Om Freight Forwarders Limited,2940539595.45,08-OCT-2025
MEDICO,Medico Remedies Limited,2939293280.0,26-MAY-2022
SAYAJIIND,Sayaji Industries Limited,2932227200.0,17-AUG-2026
TIGERLOGS,Tiger Logistics (India) Limited,2931754250.0,18-SEP-2025
QMSMEDI,QMS Medical Allied Services Limited,2909511673.8,18-JUN-2026
KDGREEN,KD Green Industries Limited,2908646470.0,17-AUG-2026
NATHBIOGEN,Nath Bio-Genes (India) Limited,2898300040.0,28-JAN-2014
APCL,Anjani Portland Cement Limited,2896645478.05,10-APR-2017
RHL,Robust Hotels Limited,2880623636.65,25-APR-2023
MAHEPC,Mahindra EPC Irrigation Limited,2869144795.45,14-FEB-2020
VARDMNPOLY,Vardhman Polytex Limited,2869132883.75,12-MAY-2003
AARON,Aaron Industries Limited,2868620162.1,06-NOV-2020
SUNDRMBRAK,Sundaram Brake Linings Limited,2852960332.5,17-JUL-1996
EXXARO,Exxaro Tiles Limited,2850006159.0,16-AUG-2021
SILGO,Silgo Retail Limited,2818680311.05,03-MAR-2021
DJML,DJ Mediaprint & Logistics Limited,2810389319.25,05-DEC-2022
SOMATEX,Soma Textiles & Industries Limited,2790627840.0,14-AUG-1996
LANCORHOL,Lancor Holdings Limited,2789772740.8,12-MAR-2024
KMSUGAR,K.M.Sugar Mills Limited,2769205117.0,31-MAY-2007
JAYSREETEA,Jayshree Tea & Industries Limited,2745671559.05,15-FEB-1995
DAVANGERE,Davangere Sugar Company Limited,2731282424.2,25-JAN-2024
GICL,Globe International Carriers Limited,2723855126.05,18-FEB-2026
NDGL,Naga Dhunseri Group Limited,2716000000.0,29-AUG-2016
AAREYDRUGS,Aarey Drugs & Pharmaceuticals Limited,2713790340.15,06-AUG-2021
MERCANTILE,Mercantile Ventures Limited,2689394225.85,20-APR-2026
SSDL,Saraswati Saree Depot Limited,2686450432.0,20-AUG-2024
RCOM,Reliance Communications Limited,2682567058.5,06-MAR-2006
SAB,SAB Industries Limited,2662524153.9,17-AUG-2026
GLOBECIVIL,Globe Civil Projects Limited,2660481405.45,01-JUL-2025
MKEXIM,M.K. Exim (India) Limited,2653339342.5,17-AUG-2026
STARPAPER,Star Paper Mills Limited,2650922164.0,13-SEP-1995
NILAINFRA,Nila Infrastructures Limited,2650874316.0,21-MAY-2015
A2ZINFRA,A2Z Infra Engineering Limited,2648633581.35,23-DEC-2010
PLAZACABLE,Plaza Wires Limited,2647438239.8,12-OCT-2023
RNBDENIMS,R&B Denims Limited,2642519932.8,04-SEP-2025
COASTCORP,Coastal Corporation Limited,2640912178.9,08-OCT-2021
MARALOVER,Maral Overseas Limited,2600476200.0,08-FEB-1995
DIAMINESQ,Diamines & Chemicals Limited,2594679941.3,25-SEP-2023
MONEYBOXX,Moneyboxx Finance Limited,2593411780.0,15-OCT-2025
LEMERITE,Le Merite Exports Limited,2592229280.0,12-DEC-2025
SPENCERS,Spencer's Retail Limited,2581574916.95,25-JAN-2019
EMPOWER,Empower India Limited,2548718846.4,20-APR-2026
SVGLOBAL,S V Global Mill Limited,2546082176.0,17-AUG-2026
SAHLIBHFI,Shalibhadra Finance Limited,2543041972.0,10-APR-2026
DAICHI,Dai-Ichi Karkaria Limited,2541241650.45,20-APR-2026
SAPPL,Shree Ajit Pulp & Paper Limited,2531755321.2,20-APR-2026
SHRADHA,Shradha Realty Limited,2526314145.9,22-OCT-2020
GRAVISSHO,Graviss Hospitality Limited,2509776014.65,20-APR-2026
SAKUMA,Sakuma Exports Limited,2492672637.6,08-MAR-2006
TAKE,TAKE Limited,2482332520.0,27-AUG-2007
BTTL,Bhilwara Technical Textiles Limited,2480281729.45,20-APR-2026
PRITIKAUTO,Pritika Auto Industries Limited,2479373611.65,10-AUG-2021
MANAKALUCO,Manaksia Aluminium Company Limited,2469978344.5,30-MAR-2015
BIMETAL,Bimetal Bearings Limited,2467125000.0,20-APR-2026
SRD,Shankar Lal Rampal Dye-Chem Limited,2462721030.0,09-OCT-2024
UFO,UFO Moviez India Limited,2448434871.55,14-MAY-2015
CPCAP,CP Capital Limited,2446768366.1,06-OCT-2010
KOTARISUG,Kothari Sugars And Chemicals Limited,2442726452.6,13-DEC-2004
VETO,Veto Switchgears And Cables Limited,2430466528.25,29-APR-2015
GOLDTECH,AION-TECH SOLUTIONS LIMITED,2430175374.0,11-APR-2001
STARTECK,Starteck Finance Limited,2430012916.0,04-MAY-2022
TRF,TRF Limited,2429774169.6,26-MAR-2010
SIKKO,Sikko Industries Limited,2428608000.0,22-OCT-2021
EQUIPPP,Equippp Social Impact Technologies Limited,2422737787.5,19-MAY-2021
RVHL,Ravinder Heights Limited,2419300679.7,18-DEC-2020
NIPPOBATRY,Indo-National Limited,2418375000.0,06-OCT-1999
FCSSOFT,FCS Software Solutions Limited,2410469871.0,21-SEP-2005
GENCON,Generic Engineering Construction and Projects Limited,2388292438.3,16-FEB-2021
DPWIRES,D P Wires Limited,2378853140.7,17-JAN-2020
NITIRAJ,Nitiraj Engineers Limited,2369621160.0,22-APR-2021
WORTHPERI,Worth Peripherals Limited,2362019960.0,04-AUG-2020
AHLEAST,Asian Hotels (East) Limited,2349076901.6,11-AUG-2010
SUMIT,Sumit Woods Limited,2341728784.3,30-JUL-2019
RVTH,Revathi Equipment India Limited,2338544037.5,11-SEP-2024
SHIVATEX,Shiva Texyarn Limited,2322658915.35,26-DEC-2017
LOTUSEYE,Lotus Eye Hospital and Institute Limited,2321286354.6,11-JUL-2008
BPL,BPL Limited,2319491567.35,14-JUN-1995
NATIONSTD,National Standard (India) Limited,2317800000.0,20-APR-2026
NECLIFE,Nectar Lifesciences Limited,2317533372.1,18-JUL-2005
COMPEAU,Competent Automobiles Company Limited,2307420000.0,17-AUG-2026
HAMPTON,Hampton Sky Realty Limited,2303344680.0,17-AUG-2026
SETCO,Setco Automotive Limited,2295446439.0,01-JUL-2016
VIKASLIFE,Vikas Lifecare Limited,2284932328.8,08-MAY-2019
RMC,RMC Switchgears Limited,2284176526.0,01-APR-2026
SAKHTISUG,Sakthi Sugars Limited,2280713000.85,06-SEP-1995
RANASUG,Rana Sugars Limited,2280482127.0,24-FEB-2005
VSTL,Vibhor Steel Tubes Limited,2278716775.3,20-FEB-2024
KHADIM,Khadim India Limited,2262011256.55,14-NOV-2017
IVP,IVP Limited,2261554859.65,13-SEP-1995
ALFREDHE,Alfred Herbert India Limited,2237144100.0,17-AUG-2026
ALPINETEX,Alpine Texworld Limited,2226740340.0,21-JUL-2026
DSFCL,DCM Shriram Fine Chemicals Limited,2217430795.65,17-FEB-2026
SINTERCOM,Sintercom India Limited,2197270752.05,07-OCT-2020
SHIVAMAUTO,Shivam Autotech Limited,2193340252.9,21-NOV-2006
IWP,The Indian Wood Products Company Limited,2192345114.4,20-APR-2026
SMARTLINK,Smartlink Holdings Limited,2190210750.0,11-APR-2001
VMSTMT,VMS TMT Limited,2188240048.9,24-SEP-2025
SICAGEN,Sicagen India Limited,2185939824.15,20-APR-2026
GILLANDERS,Gillanders Arbuthnot & Company Limited,2184815960.0,14-DEC-2009
PIGL,Power & Instrumentation (Gujarat) Limited,2184113279.0,17-MAY-2023
JMA,Jullundur Motor Agency (Delhi) Limited,2181549067.55,16-MAR-2015
SURANAT&P,Surana Telecom and Power Limited,2178947406.15,22-MAY-2002
UNITEDTEA,The United Nilgiri Tea Estates Company Limited,2177503462.8,28-JAN-2015
ALANKIT,Alankit Limited,2171976381.0,30-JUN-2015
NEAGI,Neelamalai Agro Industries Limited,2157933078.0,20-APR-2026
ARVEE,Arvee Laboratories (India) Limited,2151655000.0,22-MAR-2021
RADIOCITY,Music Broadcast Limited,2146707731.25,17-MAR-2017
NOVAAGRI,Nova Agritech Limited,2136282482.15,31-JAN-2024
MLKFOOD,Milkfood Limited,2135233335.6,17-AUG-2026
MADHAVIPL,Madhav Infra Projects Limited,2135085955.2,20-APR-2026
AIRAN,Airan Limited,2130340800.0,03-MAY-2019
MAHESHWARI,Maheshwari Logistics Limited,2127150764.0,15-APR-2019
AARVI,Aarvi Encon Limited,2124339151.0,24-JUN-2020
ZEELEARN,Zee Learn Limited,2123698765.7,20-DEC-2010
TEAMGTY,Team India Guaranty Limited,2116267822.7,11-JUN-2002
BI,Bilcare Limited,2115068100.75,20-APR-2026
ASMS,Avio Smart Market Stack Limited,2104625273.4,09-FEB-2023
PAVNAIND,Pavna Industries Limited,2104112400.0,01-JUN-2023
SIGIND,Signet Industries Limited,2093559440.0,29-AUG-2018
AUSOMENT,Ausom Enterprise Limited,2084403456.0,17-APR-1996
BALAJEE,Shree Tirupati Balajee Agro Trading Company Limited,2082503851.55,12-SEP-2024
ALPHAGEO,Alphageo (India) Limited,2048182020.6,11-MAY-2007
CCHHL,Country Club Hospitality & Holidays Limited,2043309187.5,03-FEB-2015
NECCLTD,North Eastern Carrying Corporation Limited,2012670000.0,02-MAR-2016
RUDRA,Rudra Global Infra Products Limited,2006876560.0,19-DEC-2025
VIJSOLX,Vijay Solvex Limited,2003670511.7,17-AUG-2026
BASML,Bannari Amman Spinning Mills Limited,1998034375.0,14-NOV-2005
ARCHIDPLY,Archidply Industries Limited,1996432500.0,04-JUL-2008
NATCAPSUQ,Natural Capsules Limited,1985823513.95,14-FEB-2025
SPCENET,Spacenet Enterprises India Limited,1970043003.9,10-JAN-2017
TAINWALCHM,Tainwala Chemical and Plastic (I) Limited,1966598507.25,27-JUL-1995
EKI,EKI Energy Services Limited,1958283827.5,17-AUG-2026
ASPINWALL,Aspinwall and Company Limited,1955744743.2,14-JUN-2016
COMFINTE,Comfort Intech Limited,1948422907.2,20-APR-2026
ABANSENT,Abans Enterprises Limited,1937623886.4,20-APR-2026
GLOBALVECT,Global Vectra Helicorp Limited,1936900000.0,27-OCT-2006
RRIL,RRIL Limited,1935792211.3,20-APR-2026
ZODIACLOTH,Zodiac Clothing Company Limited,1933601585.0,27-SEP-1995
BCONCEPTS,Brand Concepts Limited,1928449996.5,11-JAN-2022
WATERBASE,Waterbase Limited,1928416562.45,17-AUG-2026
AFFORDABLE,Affordable Robotic & Automation Limited,1923908385.7,23-OCT-2024
VIPCLOTHNG,VIP Clothing Limited,1916153573.95,06-AUG-2007
SHAHALLOYS,Shah Alloys Limited,1915609970.4,16-JUN-2005
NTCIND,NTC Industries Limited,1912152300.0,17-AUG-2026
ARCL,ARCL Organics Limited,1904000000.0,17-AUG-2026
SUPERHOUSE,Superhouse Limited,1892661750.0,26-SEP-2014
ATALREAL,Atal Realtech Limited,1891895737.5,12-MAY-2023
BROOKS,Brooks Laboratories Limited,1880845284.8,05-SEP-2011
IPRINGLTD,IP Rings Limited,1874126640.25,17-AUG-2026
SHREYANIND,Shreyans Industries Limited,1872734500.0,06-NOV-1996
INTENTECH,Intense Technologies Limited,1869166404.9,23-MAR-2017
HINDADH,Hindustan Adhesives Limited,1868984390.0,17-AUG-2026
VIPULLTD,Vipul Limited,1864893920.4,23-APR-2015
ESSENTIA,Integra Essentia Limited,1860600249.25,20-AUG-2013
VIKASECO,Vikas EcoTech Limited,1857141325.2,12-DEC-2011
DRCSYSTEMS,DRC Systems India Limited,1852885903.8,10-MAR-2021
QUINT,Quint Digital Limited,1851970153.85,20-APR-2026
PILITA,PIL ITALICA LIFESTYLE LIMITED,1851800000.0,07-OCT-2013
CENTEXT,Century Extrusions Limited,1824000000.0,20-JUL-2004
BAIDFIN,Baid Finserv Limited,1818386376.2,20-JAN-2023
MURUDCERA,Murudeshwar Ceramics Limited,1816357800.0,28-MAY-2004
AERONEU,Aeroflex Neu Limited,1806493880.0,12-JAN-2023
JAYKAY-RE1,Jaykay Enterprises Limited-RE,1797716713.5,07-SEP-2026
MODTHREAD,Modern Threads (India) Limited,1795093759.2,22-NOV-1995
UMIYA-MRO,UMIYA BUILDCON LIMITED,1772047653.7,01-NOV-2000
TRIGYN,Trigyn Technologies Limited,1755710524.1,09-APR-1998
KANCHI,Kanchi Karpooram Limited,1753845991.25,20-APR-2026
METROGLOBL,Metroglobal Limited,1738776843.75,20-APR-2026
WARDINMOBI,Wardwizard Innovations & Mobility Limited,1738724837.9,17-AUG-2026
TTL,T T Limited,1738432653.1,22-FEB-2007
PAR,Par Drugs And Chemicals Limited,1735938046.9,16-SEP-2021
EMMBI,Emmbi Industries Limited,1716807507.5,24-FEB-2010
SURYALA,Suryalata Spinning Mills Limited,1700612850.0,20-APR-2026
BALPHARMA,Bal Pharma Limited,1690955815.1,08-MAY-2006
MHLXMIRU,Mahalaxmi Rubtech Limited,1681295735.25,27-JAN-2022
RACE,Race Eco Chain Limited,1664111796.0,09-MAY-2023
NIRAJ,Niraj Cement Structurals Limited,1657114878.4,01-OCT-2020
AARTECH,Aartech Solonics Limited,1654283426.25,10-JUL-2023
BYKE,The Byke Hospitality Ltd,1653071466.0,15-APR-2015
TEXMOPIPES,Texmo Pipes and Products Limited,1647765800.0,10-MAR-2010
HBESD,HB Estate Developers Limited,1636125823.2,20-APR-2026
MSL,Mangalam Seeds Limited,1636043542.0,17-AUG-2026
AVANCE,Avance Technologies Limited,1625172292.6,17-AUG-2026
MCL,M TEK COPPER LIMITED,1624768008.0,19-AUG-2020
INDOUS,Indo Us Biotech Limited,1594936080.0,27-SEP-2024
RPPL,Rajshree Polypack Limited,1586594280.0,26-NOV-2021
MAHAPEXLTD,Maha Rashtra Apex Corporation Limited,1584774624.15,21-JAN-1998
BHARATGEAR,Bharat Gears Limited,1576503804.85,03-APR-1996
AMJLAND,Amj Land Holdings Limited,1571120000.0,08-FEB-1995
DOLLEX,Dollex Agrotech Limited,1560000640.0,11-SEP-2026
SECMARK,SecMark Consultancy Limited,1558274520.0,16-OCT-2023
VIRINCHI,Virinchi Limited,1552600047.35,03-MAY-2023
PRAENG,Prajay Engineers Syndicate Limited,1552574560.2,02-JAN-2007
LAL,Lorenzini Apparels Limited,1535627938.4,10-APR-2023
VASWANI,Vaswani Industries Limited,1529030960.75,20-SEP-2011
TARMAT,Tarmat Limited,1520397708.3,09-JUL-2007
DTIL,Dhunseri Tea & Industries Limited,1515170973.4,20-JAN-2015
MKPL,M K Proteins Limited,1505241720.0,13-JUN-2023
PML,Paul Merchants Limited,1501137000.0,20-APR-2026
FILATFASH,Filatex Fashions Limited,1500133090.5,06-MAY-2024
SRTL,Shree Ram Twistex Limited,1494665250.0,02-MAR-2026
GVPTECH,GVP Infotech Limited,1470286454.0,06-SEP-2022
PARNAXLAB,Parnax Lab Limited,1464186327.7,17-AUG-2026
INDOWIND,Indowind Energy Limited,1461899703.6,14-SEP-2007
INDTERRAIN,Indian Terrain Fashions Limited,1453140085.55,11-MAR-2011
BRIGHTBR,Bright Brothers Limited,1452720101.25,17-AUG-2026
INCREDIBLE,INCREDIBLE INDUSTRIES LIMITED,1448740975.0,01-JUL-2016
DELPHIFX,DELPHI WORLD MONEY LIMITED,1447079872.5,28-JUN-2011
SHBAJRG,Shri Bajrang Alliance Limited,1435500000.0,20-APR-2026
AKSHOPTFBR,Aksh Optifibre Limited,1430115165.1,18-AUG-2000
KRITIKA,Kritika Wires Limited,1429923600.0,04-MAY-2022
LAMBODHARA,Lambodhara Textiles Limited,1424014272.0,04-FEB-2015
DCM,DCM  Limited,1423244473.8,29-MAR-1995
MITCON,MITCON Consultancy & Engineering Services Limited,1422213829.7,17-MAR-2022
BTML,Bodhi Tree Multimedia Limited,1415425682.85,15-FEB-2023
TIPSFILMS,Tips Films Limited,1415312876.4,06-OCT-2022
KAMOPAINTS,Kamdhenu Ventures Limited,1411410000.0,24-JAN-2023
RELIABLE,Reliable Data Services Limited,1403004000.0,10-JUL-2024
DGCONTENT,Digicontent Limited,1401726709.0,18-JUN-2019
BRNL,Bharat Road Network Limited,1397767500.0,18-SEP-2017
WIPL,The Western India Plywoods Limited,1396591797.0,17-APR-2017
SADBHAV,Sadbhav Engineering Limited,1382860648.0,01-MAR-2006
SALONA,Salona Cotspin Limited,1382695600.0,16-JUN-2016
STEELCITY,Steel City Securities Limited,1380788483.0,27-JUN-2019
HPIL,Hindprakash Industries Limited,1371235923.3,07-NOV-2022
KEYFINSERV,Keynote Financial Services Limited,1352414459.15,26-JUN-1996
DEVIT,Dev Information Technology Limited,1351038224.6,15-FEB-2022
OSWALSEEDS,ShreeOswal Seeds And Chemicals Limited,1349182500.0,28-FEB-2023
SUPREME,Supreme Holdings & Hospitality (India) Limited,1341045799.1,03-FEB-2025
RUCHINFRA,Ruchi Infrastructure Limited,1340621670.55,16-OCT-1996
VITAL,Vital Chemtech Limited,1340303556.0,11-MAR-2026
JOCIL,Jocil Limited,1331017950.5,08-OCT-2008
SONAL,Sonal Mercantile Limited,1327646332.0,20-APR-2026
CROWN,Crown Lifters Limited,1326707300.0,08-FEB-2022
KREBSBIO,Krebs Biochemicals and Industries Limited,1325329221.4,03-JAN-1996
CORALFINAC,Coral India Finance & Housing Limited,1325137158.0,25-MAR-1996
ISFT,Intrasoft Technologies Limited,1324018903.25,12-APR-2010
AARNAV,Aarnav Fashions Limited,1322491442.7,25-FEB-2026
LKPSEC,LKP Securities Limited,1320498942.85,17-AUG-2026
ALPA,Alpa Laboratories Limited,1317562372.0,06-AUG-2007
URAVIDEF,Uravi Defence and Technology Limited,1311000000.0,05-JUL-2023
MAGNUM,Magnum Ventures Limited,1306656154.7,20-SEP-2007
BHANDARI,Bhandari Hosiery Exports Limited,1296268122.0,30-JAN-2017
HECPROJECT,HEC Infra Projects Limited,1295702028.0,30-DEC-2021
CALSOFT,California Software Company Limited,1292802939.0,28-JUN-2000
MUKTAARTS,Mukta Arts Limited,1284646176.0,12-SEP-2000
BALAXI,BALAXI PHARMACEUTICALS LIMITED,1283022300.0,30-NOV-2015
LAGNAM,Lagnam Spintex Limited,1281532570.0,30-SEP-2021
AIROLAM,Airo Lam limited,1280720740.0,13-OCT-2021
PREMCO,Premco Global Limited,1276644240.0,20-APR-2026
CHEMCRUX,Chemcrux Enterprises Limited,1266451996.8,17-AUG-2026
SURANASOL,Surana Solar Limited,1261165158.0,07-JAN-2011
BSL,BSL Limited,1256262026.1,27-JUL-1995
THAKDEV,Thakkers Developers Limited,1250910000.0,20-APR-2026
INDIANCARD,Indian Card Clothing Company Limited,1243832883.2,08-JAN-1997
TOTAL,Total Transport Systems Limited,1241454381.55,28-AUG-2020
LATTEYS,Latteys Industries Limited,1237885112.25,23-MAY-2023
DIGJAMLMTD,Digjam Limited,1236800000.0,18-OCT-2021
ANIKINDS,Anik Industries Limited,1231977243.55,21-MAY-2008
INDBANK,Indbank Merchant Banking Services Limited,1230163704.0,08-OCT-2008
WHBRADY,WH Brady & Company Limited,1225275000.0,17-AUG-2026
VISHWARAJ,Vishwaraj Sugar Industries Limited,1224191674.0,15-OCT-2019
ISHANCH,Ishan Dyes and Chemicals Limited,1223783073.55,24-MAR-2025
GATECH,GACM Technologies Limited,1214284099.35,25-JUL-2016
RSDFIN,RSD Finance Limited,1211790528.0,20-APR-2026
BNALTD,B & A Limited,1209000000.0,20-APR-2026
LAHOTIOV,Lahoti Overseas Limited,1200115510.0,20-APR-2026
HINDCON,Hindcon Chemicals Limited,1194789187.5,05-JUL-2021
ONELIFECAP,Onelife Capital Advisors Limited,1193652000.0,17-OCT-2011
ASSAMENT,Assam Entrade Limited,1190634340.5,17-AUG-2026
AAATECH,AAA Technologies Limited,1189942236.0,28-NOV-2022
BCPL,BCPL Railway Infrastructure Limited,1188214479.9,27-MAR-2026
ITL,ITL Industries Limited,1180143690.0,17-AUG-2026
OBCL,OBCL Limited,1178317133.1,07-APR-2022
SAMPANN,Sampann Utpadan India Limited,1176809100.0,27-JUL-2012
SUPTANERY,Super Tannery Limited,1168271755.2,17-AUG-2026
SIL,Standard Industries Limited,1164353832.1,27-JAN-2004
GANGESSECU,Ganges Securities Limited,1156626290.95,28-JUL-2017
GSLSU,Global Surfaces Limited,1153633085.95,23-MAR-2023
ROLLT,Rollatainers Limited,1153099300.0,22-NOV-2016
TICL,Twamev Construction and Infrastructure Limited,1145450000.0,16-OCT-2023
USK,Udayshivakumar Infra Limited,1138142839.5,03-APR-2023
THACKER,Thacker & Company Limited,1136666355.0,20-APR-2026
GTL,GTL Limited,1132536823.2,29-MAR-1995
VGCL,Vibrant Global Capital Limited,1132082719.6,17-AUG-2026
XELPMOC,Xelpmoc Design And Tech Limited,1127869361.55,04-FEB-2019
CFEL,Confidence Futuristic Energetech Limited,1123898400.0,17-AUG-2026
AVROIND,AVRO INDIA LIMITED,1118989476.0,07-APR-2022
KOHINOOR,Kohinoor Foods Limited,1118448060.1,20-OCT-1999
VAISHALI,Vaishali Pharma Limited,1118060454.1,15-JAN-2020
GROBTEA,The Grob Tea Company Limited,1115836800.0,14-JUL-2016
RAJSREESUG,Rajshree Sugars & Chemicals Limited,1115344497.95,29-MAR-1995
SAMBHAAV,Sambhaav Media Limited,1112265088.8,05-JUN-1996
WEIZMANIND,Weizmann Limited,1108894987.65,10-MAY-1995
ZENITHEXPO,Zenith Exports Limited,1106123325.0,10-JUL-1996
CUBEXTUB,Cubex Tubings Limited,1105424870.0,24-APR-1996
REPL,Rudrabhishek Enterprises Limited,1103116575.0,14-DEC-2020
PIONRINV,Pioneer Investcorp Limited,1094301842.9,20-APR-2026
SURYALAXMI,Suryalakshmi Cotton Mills Limited,1092963454.8,15-JUN-2005
SOMICONVEY,Somi Conveyor Beltings Limited,1092680890.55,18-JUL-2016
OPTIFIN,Optimus Finance Limited,1088714110.0,17-AUG-2026
MINALIND,Minal Industries Limited,1088076685.5,17-AUG-2026
CRSL,Cressanda Railway Solutions Limited,1087481894.4,17-AUG-2026
AMDIND,AMD Industries Limited,1074104613.95,19-MAR-2007
VLEGOV,VL E-Governance & IT Solutions Limited,1070414617.25,14-AUG-2023
NARMADA,Narmada Agrobase Limited,1066012811.9,27-OCT-2022
LOVABLE,Lovable Lingerie Limited,1063380000.0,24-MAR-2011
SHYAMCENT,Shyam Century Ferrous Limited,1054499760.3,28-JUL-2015
MAKERSL,Makers Laboratories Limited,1050089916.7,17-AUG-2026
LOYALTEX,Loyal Textile Mills Limited,1048058649.6,11-AUG-2022
SHRIKRISH,Shri Krishna Devcon Limited,1046920000.0,20-APR-2026
COMPUSOFT,Compucom Software Limited,1045243733.5,02-MAR-2012
MOTOGENFIN,The Motor & General Finance Limited,1040599595.3,08-FEB-1995
SHILGRAVQ,Shilp Gravures Limited,1035626320.0,17-AUG-2026
AMARJOTHI,Amarjothi Spinning Mills Limited,1028430000.0,17-AUG-2026
DUCON,Ducon Infratechnologies Limited,1023265655.9,09-OCT-2012
NAVKARURB,Navkar Urbanstructure Limited,998660475.6,17-JAN-2025
NORBTEAEXP,Norben Tea & Exports Limited,996998574.0,26-JUN-1996
ARTNIRMAN,Art Nirman Limited,994995720.0,18-OCT-2021
DEEP,Deep Polymers Limited,990896400.0,17-AUG-2026
DBSTOCKBRO,DB (International) Stock Brokers Limited,980000000.0,29-FEB-2012
MYSORPETRO,Mysore Petro Chemicals Limited,977779637.75,17-AUG-2026
BVCL,Barak Valley Cements Limited,962630400.0,23-NOV-2007
BEARDSELL,Beardsell Limited,961868430.0,13-JAN-2015
INVENTURE,Inventure Growth & Securities Limited,955500000.0,04-AUG-2011
REGENCERAM,Regency Ceramics Limited,953219175.3,05-JUN-1996
PACIFICI,Pacific Industries Limited,949945023.0,17-AUG-2026
HILTON,Hilton Metal Forging Limited,940808552.3,24-MAY-2007
JETFREIGHT,Jet Freight Logistics Limited,937356436.8,21-DEC-2021
BAGFILMS,B.A.G Films and Media Limited,925662960.55,17-OCT-2003
AAKASH,Aakash Exploration Services Limited,925425000.0,29-SEP-2020
MUKESHB,Mukesh Babu Financial Services Limited,923644250.0,17-AUG-2026
RAJMET,Rajnandini Metal Limited,901324800.0,16-FEB-2021
MOKSH,Moksh Ornaments Limited,898374484.05,21-MAY-2021
SADBHIN,Sadbhav Infrastructure Project Limited,891129796.5,16-SEP-2015
SPLIL,SPL Industries Limited,884500122.0,26-JUL-2005
PALASHSECU,Palash Securities Limited,880172945.0,28-JUL-2017
GOYALALUM,Goyal Aluminiums Limited,876379269.2,04-NOV-2022
PRAXIS,Praxis Home Retail Limited,875175509.1,31-JAN-2018
ANMOL,Anmol India Limited,873063061.0,04-JUN-2021
SEMAC,Semac Construction Limited,872378643.8,11-AUG-2005
RHFL,Reliance Home Finance Limited,872200229.4,22-SEP-2017
SWARNSAR,Swarnsarita Jewels India Limited,868683648.0,17-AUG-2026
TERAI,Terai Tea Company Limited,865759905.0,17-AUG-2026
RELCHEMQ,Reliance Chemotex Industries Limited,857627677.45,25-MAY-2022
VASUPRADA,Shri Vasuprada Plantations Limited,853293406.0,17-AUG-2026
ZENITHSTL,Zenith Steel Pipes & Industries Limited,852259883.5,30-APR-2007
BANKA,Banka BioLoo Limited,851185125.75,29-OCT-2020
KAKATCEM,Kakatiya Cement Sugar & Industries Limited,850615542.35,13-DEC-1995
BLBLIMITED,BLB Limited,844786822.85,31-MAY-2000
ICDSLTD,ICDS Limited,842306422.0,17-NOV-1999
ABAN,Aban Offshore Limited,842211610.9,29-MAR-1995
PATINTLOG,Patel Integrated Logistics Limited,841475130.05,11-JAN-2008
SMLT,Sarthak Metals Limited,841098240.0,25-NOV-2021
GRADIENTE,Gradiente Infotainment Limited,840972000.0,08-MAY-2026
HISARMETAL,Hisar Metal Industries Limited,838512000.0,05-JAN-2017
GLOBE,GLOBE ENTERPRISES (INDIA) LIMITED,833274757.8,07-OCT-2020
CTE,Cambridge Technology Enterprises Limited,829214073.6,07-FEB-2007
CINEVISTA,Cinevista Limited,824787781.0,02-MAY-2000
LPDC,Landmark Property Development Company Limited,823639002.4,12-AUG-2008
CRAVATEX,Cravatex Limited,822538128.0,17-AUG-2026
SUPREMEENG,Supreme Engineering Limited,817336500.0,04-DEC-2020
ORIENTLTD,Orient Press Limited,817300000.0,03-MAR-2010
ADDIND,Addi Industries Limited,807907632.4,17-AUG-2026
RTSPOWR,RTS Power Corporation Limited,807469795.0,17-AUG-2026
ALKALI,Alkali Metals Limited,806352650.15,06-NOV-2008
LANDSMILL,Landsmill Green Limited,804096181.35,03-AUG-2009
TRANSCOR,Transcorp International Limited,801944287.2,17-AUG-2026
SHERVANI,Shervani Industrial Syndicate Limited,800194603.0,17-AUG-2026
FIBERWEB,Fiberweb (India) Limited,776800335.8,16-FEB-2022
SUNLOC,Sunil Healthcare Limited,774233625.0,17-AUG-2026
KHAITANLTD,Khaitan (India) Limited,755820000.0,20-DEC-1995
RSSOFTWARE,R. S. Software (India) Limited,754529673.3,19-MAY-1999
KSR,KSR Footwear Limited,752227175.25,27-NOV-2025
CURAA,Cura Technologies Limited,751212000.0,21-MAR-2025
UMAEXPORTS,Uma Exports Limited,747873439.6,07-APR-2022
NOIDATOLL,Noida Toll Bridge Company Limited,742918058.0,06-DEC-2002
NIBL,NRB Industrial Bearings Limited,740973277.0,09-APR-2013
KSHITIJPOL,Kshitij Polyline Limited,740683886.3,27-JUL-2022
CGVAK,CG Vak Software & Exports Limited,738591750.0,17-AUG-2026
PARSVNATH,Parsvnath Developers Limited,735456177.3,30-NOV-2006
TOKYOPLAST,Tokyo Plast International Limited,729802534.0,11-OCT-1995
BANARBEADS,Banaras Beads Limited,729422032.3,07-JUL-1995
PARASPETRO,Paras Petrofils Limited,718575150.0,14-FEB-1996
ENERGYDEV,Energy Development Company Limited,718200000.0,02-NOV-2007
HDIL,Housing Development and Infrastructure Limited,706265939.15,24-JUL-2007
JHS,JHS Svendgaard Laboratories Limited,701868309.0,21-OCT-2006
ODIGMA,Odigma Consultancy Solutions Limited,698001188.5,12-DEC-2024
NAGREEKEXP,Nagreeka Exports Limited,697795752.5,18-JUN-2007
VINEETLAB,Vineet Laboratories Limited,687392260.15,15-JUN-2021
DAMODARIND,Damodar Industries Limited,687117000.0,04-JUL-2016
DHARAN,DHARAN INFRA-EPC LIMITED,679738598.75,02-APR-2018
TOUCHWOOD,Touchwood Entertainment Limited,677728944.2,21-JAN-2020
DIGIDRIVE,Digidrive Distributors Limited,673676358.05,10-JAN-2024
IL&FSTRANS,IL&FS Transportation Networks Limited,667788854.8,30-MAR-2010
TFL,Transwarranty Finance Limited,667457109.35,26-FEB-2007
AKI,AKI India Limited,666710475.75,06-APR-2023
PRAKASHSTL,Prakash Steelage Limited,663251478.1,25-AUG-2010
GENSOL,Gensol Engineering Limited,659722254.25,03-JUL-2023
BONLON,Bonlon Industries Limited,659430159.5,20-FEB-2026
LADDERUP,Ladderup Finance Limited,656611400.6,17-AUG-2026
PALREDTEC,Palred Technologies Limited,651751116.5,09-MAY-2016
ATLASCYCLE,Atlas Cycles (Haryana) Limited,637831392.65,23-OCT-1996
SHEKHAWATI,Shekhawati Industries Limited,635971500.0,12-JAN-2011
HBPOR,HB Portfolio Limited,634013147.0,17-AUG-2026
SRIKPRIND,Sri KPR Industries Limited,633179193.85,17-AUG-2026
ADVIKCA,Advik Capital Limited,632861242.0,17-AUG-2026
ACCURACY,Accuracy Shipping Limited,632352000.0,11-DEC-2020
ROML,Raj Oil Mills Limited,631473256.9,06-OCT-2020
ODYCORP,Odyssey Corporation Limited,629174356.6,17-AUG-2026
PIONEEREMB,Pioneer Embroideries Limited,629082860.65,16-MAY-2006
HGM,HandsOn Global Management (HGM) Limited,624332762.05,27-SEP-2006
CAPTRUST,Capital Trust Limited,622214899.15,16-JAN-2017
DELTAMAGNT,Delta Manufacturing Limited,616560638.4,18-OCT-1995
ATAM,Atam Valves Limited,615563100.0,10-MAY-2023
HRYNSHP,Hariyana Ship Breakers Limited,612473366.45,17-AUG-2026
HINDALUMI,Hind Aluminium Industries Limited,608410314.0,17-AUG-2026
NGIL,Nakoda Group of Industries Limited,608219643.35,20-AUG-2021
GFSTEELS,Grand Foundry Limited,607382800.0,22-JUL-2019
AJOONI,Ajooni Biotech Limited,602852593.0,07-MAY-2021
BIOFILCHEM,Biofil Chemicals & Pharmaceuticals Limited,598713102.0,12-JUN-1996
ANSALBU,Ansal Buildwell Limited,597352898.7,17-AUG-2026
SGLRES,SGL Resources Limited,591132328.0,17-AUG-2026
ADROITINFO,Adroit Infotech Limited,588906250.95,13-AUG-1997
AGRITECH,Agri-Tech (India) Limited,588535200.0,28-JAN-2014
MALUPAPER,Malu Paper Mills Limited,586667607.5,05-APR-2006
3PLAND,3P Land Holdings Limited,576000000.0,19-JUL-1995
SUNDARAM,Sundaram Multi Pap Limited,568653327.6,02-JUN-2010
SECURKLOUD,SECUREKLOUD TECHNOLOGIES LIMITED,565307436.6,29-JAN-2014
FMNL,Future Market Networks Limited,554896086.15,31-DEC-2010
MOHITE,Mohite Industries Limited,552741750.0,17-AUG-2026
MANGALAM,Mangalam Drugs And Organics Limited,552089290.25,23-MAY-2005
TPHQ,Teamo Productions HQ Limited,548109800.0,30-JAN-2009
PRUDMOULI,Prudential Sugar Corporation Limited,541833600.0,10-MAY-1995
GANGAFORGE,Ganga Forging Limited,539208920.0,06-JUL-2021
LCCINFOTEC,LCC Infotech Limited,537812786.5,02-MAR-2000
ANSALAPI,Ansal Properties & Infrastructure Limited,533602529.65,27-JAN-2006
APOORVA,Apoorva Leasing Finance and Investment Company Limited,530533344.0,17-AUG-2026
BALKRISHNA,Balkrishna Paper Mills Limited,524533980.95,28-JUL-2015
SHIVAMILLS,Shiva Mills Limited,521792367.05,26-FEB-2018
VEDAVAAG,VEDAVAAG Systems Limited,521139882.0,17-AUG-2026
VIVIMEDLAB,Vivimed Labs Limited,509920577.25,17-AUG-2005
TRU,TruCap Finance Limited,508728807.9,20-JUN-2023
PHOENXINTL,Phoenix International Limited,506205234.0,17-AUG-2026
SUVIDHAA,Suvidhaa Infoserve Limited,505634122.9,31-MAR-2021
HYBRIDFIN,Hybrid Financial Services Limited,503654665.25,05-DEC-2022
ORCHASP,Orchasp Limited,498852527.05,07-FEB-2025
ABMINTLLTD,ABM International Limited,495143040.0,09-SEP-2021
COUNCODOS,Country Condo's Limited,495070774.0,22-JAN-2009
RKEC,RKEC Projects Limited,494980902.0,18-DEC-2020
SAMBANDAM,Sambandam Spinning Mills Limited,481942446.0,17-AUG-2026
JAIPURKURT,Nandani Creation Limited,477840571.4,02-SEP-2021
AGROPHOS,Agro Phos India Limited,473806067.55,08-MAR-2019
BANG,Bang Overseas Limited,467955600.0,20-FEB-2008
VINNY,Vinny Overseas Limited,465246622.0,28-NOV-2022
CYBERMEDIA,Cyber Media (India) Limited,462128229.05,10-JUN-2005
MANUGRAPH,Manugraph India Limited,460788174.15,14-SEP-2006
AHLADA,Ahlada Engineers Limited,455982090.0,28-JAN-2021
GAYAHWS,Gayatri Highways Limited,455338610.0,28-JUN-2018
PRITI,Priti International Limited,454814351.7,02-MAR-2022
MASKINVEST,Mask Investments Limited,453513930.0,14-OCT-2016
LEENEE,Lee & Nee Softwares Exports Limited,452327140.0,17-AUG-2026
DHATRE,Dhatre Udyog Limited,451071630.0,17-AUG-2026
SAICAPI,Sai Capital Limited,447270462.0,17-AUG-2026
IMPEXFERRO,Impex Ferro Tech Limited,446692548.3,03-FEB-2005
AUSTENG,Austin Engineering Company  Limited,441819712.0,17-AUG-2026
RKDL,Ravi Kumar Distilleries Limited,439680000.0,27-DEC-2010
MEDICAPQ,Medi Caps Limited,439191850.3,17-AUG-2026
KARMAENG,Karma Energy Limited,438268493.85,28-JUN-2011
AMBICAAGAR,Ambica Agarbathies & Aroma industries Limited,437851926.0,29-JUN-2004
WEWIN,WE WIN LIMITED,436821390.0,15-JUN-2022
LFIC,Lakshmi Finance & Industrial Corporation Limited,435960000.0,15-APR-2015
DANGEE,Dangee Dums Limited,434209500.0,13-NOV-2020
CELEBRITY,Celebrity Fashions Limited,433764885.1,12-JAN-2006
OSIAHYPER,Osia Hyper Retail Limited,433549305.0,01-DEC-2022
SVPGLOB,SVP GLOBAL TEXTILES LIMITED,432630000.0,14-JUL-2021
DHRUV,Dhruv Consultancy Services Limited,432248107.5,25-NOV-2021
GOLDENTOBC,Golden Tobacco Limited,431415649.0,08-FEB-1995
BLUECOAST,Blue Coast Hotels Limited,429604729.3,16-FEB-2000
ARCHIES,Archies Limited,422925600.0,02-SEP-1998
AKASH,Akash Infra-Projects Limited,419539845.9,11-OCT-2019
PBMPOLY,PBM Polytex Limited,412741200.0,17-AUG-2026
SAGARDEEP,Sagardeep Alloys Limited,410059896.0,25-JAN-2019
21STCENMGM,21st Century Management Services Limited,409185000.0,03-MAY-1995
TNTELE,Tamilnadu Telecommunication Limited,408302316.0,04-FEB-2003
SIEL,Superior Industrial Enterprises Limited,406497500.0,17-AUG-2026
RAJTV,Raj Television Network Limited,405962350.1,16-MAR-2007
SUPERSPIN,Super Spinning Mills Limited,404800000.0,08-JUL-2004
SHIVAAGRO,Shiva Global Agro Industries Limited,402917760.0,17-AUG-2026
JISLDVREQS,Jain Irrigation Systems Limited,402093295.35,30-NOV-2011
ADL,Archidply Decor Limited,396706637.5,01-OCT-2020
SIMPLXREA,Simplex Realty Limited,396358115.0,17-AUG-2026
HBSL,HB Stockholdings Limited,388074846.05,23-JUL-2018
VIVOBIOT,Vivo Bio Tech Limited,377018769.7,17-AUG-2026
ORIENTALTL,Oriental Trimex Limited,374151978.85,07-MAR-2007
AROGRANITE,Aro Granite Industries Limited,370107000.0,24-APR-2007
TOYAMSL,Toyam Sports Limited,364023450.0,17-AUG-2026
ASHOKAMET,Ashoka Metcast Limited,358442640.0,27-JUN-2023
AKG,Akg Exim Limited,340962660.5,16-FEB-2021
NKIND,NK Industries Limited,340160340.0,07-JUL-1995
MOHITIND,Mohit Industries Limited,333410891.25,14-MAR-2013
MADHUCON,Madhucon Projects Limited,331339280.6,05-OCT-2006
AKSHAR,Akshar Spintex Limited,330736770.0,23-MAY-2022
SEYAIND,Seya Industries Limited,330537517.6,11-JUL-2019
MADHAV,Madhav Marbles and Granites Limited,330054830.0,20-DEC-2007
GKB,GKB Ophthalmics Limited,328091352.2,17-AUG-2026
VCL,Vaxtex Cotfab Limited,317891340.6,19-APR-2022
SUMEDHA,Sumedha Fiscal Services Limited,311392536.0,17-AUG-2026
EASTSILK,Eastern Silk Industries Limited,309450000.0,03-JUL-1996
BURNPUR,Burnpur Cement Limited,302813267.35,03-JAN-2008
KANANIIND,Kanani Industries Limited,298780680.0,14-DEC-2011
EASTWEST,East West Freight Carriers Limited,298525500.0,17-AUG-2026
SIMBHALS,Simbhaoli Sugars Limited,297621734.2,14-MAR-2016
KJMCFIN,KJMC Financial Services Limited,294705869.2,17-AUG-2026
KEEPLEARN,DSJ Keep Learning Limited,294295836.85,01-MAR-1995
DNAMEDIA,Diligent Media Corporation Limited,291915884.65,11-DEC-2017
KAUSHALYA,Kaushalya Infrastructure Development Corporation Limited,291087508.3,14-DEC-2007
TGBHOTELS,TGB Banquets And Hotels Limited,288763904.0,17-MAY-2007
NAGREEKCAP,Nagreeka Capital & Infrastructure Limited,288511911.0,18-SEP-2007
POLYSPIN,Polyspin Exports Limited,285000000.0,17-AUG-2026
GTECJAINX,G-TEC JAINX EDUCATION LIMITED,284275834.2,13-NOV-2020
LIBAS,Libas Consumer Products Limited,281623560.2,23-JUL-2019
LEXUS,Lexus Granito (India) Limited,279635237.8,13-MAR-2023
BOHRAIND,Bohra Industries Limited,279048963.35,27-OCT-2022
GSS,GSS Infotech Limited,273862146.2,07-MAR-2008
WILLAMAGOR,Williamson Magor & Company Limited,268321256.4,08-FEB-1995
KANCOTEA,Kanco Tea & Industries Limited,267872623.85,17-AUG-2026
SGL,STL Global Limited,267210048.6,10-APR-2006
PEARLPOLY,Pearl Polymers Limited,262961637.85,11-OCT-1995
INFOMEDIA,Infomedia Press Limited,262515519.55,12-OCT-2006
NEXTMEDIA,Next Mediaworks Limited,260213412.1,04-APR-2001
PRISMX,Prismx Global Ventures Limited,259067118.5,17-AUG-2026
KHANDSE,Khandwala Securities Limited,258857070.85,07-FEB-2001
TREEHOUSE,Tree House Education & Accessories Limited,251748807.8,26-AUG-2011
TARAPUR,Tarapur Transformers Limited,248430140.15,18-MAY-2010
SITINET,Siti Networks Limited,244175077.45,10-JAN-2007
AGSTRA,AGS Transact Technologies Limited,244022844.4,31-JAN-2022
VIRTUALG,Virtual Global Education Limited,243450390.15,17-AUG-2026
KAMANWALA,Kamanwala Housing Construction Limited,239865583.2,17-AUG-2026
PNC,Pritish Nandy Communications Limited,238994840.0,11-DEC-2000
MPDL,MPDL Limited,238016145.65,17-AUG-2026
FLFL,Future Lifestyle Fashions Limited,232041105.1,01-OCT-2013
ASIANTNE,Asian Tea & Exports Limited,230212814.0,17-AUG-2026
LAXMICOT,Laxmi Cotspin Limited,226006290.6,12-NOV-2021
ANKITMETAL,Ankit Metal & Power Limited,224365695.0,14-MAR-2013
TIJARIA,Tijaria Polypipes Limited,223001050.4,14-OCT-2011
GUJRAFFIA,Gujarat Raffia Industries Limited,222503265.0,09-OCT-1996
CRESTO,CRESTO TECHNO LIMITED,221511750.35,08-JUL-2020
DSKULKARNI,DS Kulkarni Developers Limited,205900000.0,08-FEB-1995
HAVISHA,Sri Havisha Hospitality and Infrastructure Limited,205737972.0,16-FEB-2000
MFML,Mahalaxmi Fabric Mills Limited,201148008.5,27-AUG-2024
ARSHIYA,Arshiya Limited,194972177.1,14-DEC-2009
TCIFINANCE,TCI Finance Limited,194503369.25,21-MAY-1997
NIRAJISPAT,Niraj Ispat Industries Limited,189570000.0,27-OCT-2016
KRIDHANINF,Kridhan Infra Limited,188610617.95,11-DEC-2015
MITTAL,Mittal Life Style Limited,185933877.6,29-APR-2020
ACEINTEG,Ace Integrated Solutions Limited,182478000.0,04-NOV-2022
TECILCHEM,TECIL Chemicals and Hydro Power Limited,178827691.0,06-DEC-1995
SHRENIK,Shrenik Limited,177480000.0,02-AUG-2019
FEL,Future Enterprises Limited,168324248.35,05-NOV-2001
RADAAN,Radaan Mediaworks India Limited,155443619.8,27-FEB-2003
STLSTRINF,Steel Strips Infrastructures Limited,152721810.0,17-AUG-2026
HEADSUP,Heads UP Ventures Limited,152370002.1,14-DEC-2016
VIVIDHA,Visagar Polytex Limited,149277272.35,21-MAY-2013
KALYANI,Kalyani Commercials Limited,144990000.0,13-FEB-2017
GLFL,Gujarat Lease Financing Limited,142681534.4,08-FEB-1995
AURUS,AURUS GEM CORPORATION LIMITED,141523200.0,05-NOV-2013
SANWARIA,Sanwaria Consumer Limited,139859000.0,27-MAR-2006
ASTRON,Astron Paper & Board Mill Limited,139500000.0,29-DEC-2017
RETAIL,JHS Svendgaard Retail Ventures Limited,136196360.0,26-JUN-2024
MTEDUCARE,MT Educare Limited,134344180.45,12-APR-2012
ORTINGLOBE,ORTIN GLOBAL LIMITED,132541689.6,30-MAR-2021
UMESLTD,Usha Martin Education & Solutions Limited,132343213.1,12-JUL-2010
SHYAMTEL,Shyam Telecom Limited,129605000.0,06-NOV-2006
BILVYAPAR,BIL VYAPAR LIMITED,125464700.0,27-SEP-2006
MEP,MEP Infrastructure Developers Limited,122908854.15,06-MAY-2015
CREATIVEYE,Creative Eye Limited,121753577.5,20-DEC-2000
UNIINFO,Uniinfo Telecom Services Limited,120511462.4,12-JAN-2022
EUROTEXIND,Eurotex Industries and Exports Limited,117773182.9,31-JAN-1996
GLOBALE,Globale Tessile Limited,115229983.75,27-AUG-2024
ANTGRAPHIC,Antarctica Limited,111606912.0,31-DEC-1997
TVVISION,TV Vision Limited,111584160.0,15-SEP-2016
ARENTERP,Rajdarshan Industries Limited,101330580.0,18-OCT-1995
DCMFINSERV,DCM Financial Services Limited,98041972.15,21-MAY-1997
COMPINFO,Compuage Infocom Limited,92629509.1,07-JUL-2016
GATECHDVR,GACM Technologies Limited,91039629.1,10-OCT-2017
PREMIER,Premier Limited,85954373.1,03-APR-1996
FELDVR,Future Enterprises Limited,84261813.05,13-FEB-2009
SETUINFRA,Setubandhan Infrastructure Limited,84204434.2,04-OCT-2011
FLEXITUFF,Flexituff Ventures International Limited,68927892.6,19-OCT-2011
SHANTI,Shanti Overseas (India) Limited,68857200.0,16-SEP-2021
LAKPRE,Lakshmi Precision Screws Limited,62586335.25,26-SEP-2006
